team,fifa_code,group,number,pos,player,club,club_country,date_of_birth
Czech Republic,CZE,A,1,GK,Matěj Kovář,PSV Eindhoven,NED,2000-05-17
Czech Republic,CZE,A,2,DF,David Zima,SK Slavia Praha,CZE,2000-11-08
Czech Republic,CZE,A,3,DF,Tomáš Holeš,SK Slavia Praha,CZE,1993-03-31
Czech Republic,CZE,A,4,DF,Robin Hranáč,TSG Hoffenheim,GER,2000-01-29
Czech Republic,CZE,A,5,DF,Vladimír Coufal,TSG Hoffenheim,GER,1992-08-22
Czech Republic,CZE,A,6,DF,Štěpán Chaloupek,SK Slavia Praha,CZE,2003-03-08
Czech Republic,CZE,A,7,DF,Ladislav Krejčí,Wolverhampton Wanderers FC,ENG,1999-04-20
Czech Republic,CZE,A,8,MF,Vladimír Darida,FC Hradec Králové,CZE,1990-08-08
Czech Republic,CZE,A,9,FW,Adam Hložek,TSG Hoffenheim,GER,2002-07-25
Czech Republic,CZE,A,10,FW,Patrik Schick,Bayer 04 Leverkusen,GER,1996-01-24
Czech Republic,CZE,A,11,FW,Jan Kuchta,AC Sparta Praha,CZE,1997-01-08
Czech Republic,CZE,A,12,MF,Lukáš Červ,FC Viktoria Plzeň,CZE,2001-04-10
Czech Republic,CZE,A,13,FW,Mojmír Chytil,SK Slavia Praha,CZE,1999-04-29
Czech Republic,CZE,A,14,DF,David Jurásek,SK Slavia Praha,CZE,2000-08-07
Czech Republic,CZE,A,15,FW,Pavel Šulc,Olympique Lyonnais,FRA,2000-12-29
Czech Republic,CZE,A,16,GK,Jindřich Staněk,SK Slavia Praha,CZE,1996-04-27
Czech Republic,CZE,A,17,MF,Lukáš Provod,SK Slavia Praha,CZE,1996-10-23
Czech Republic,CZE,A,18,MF,Michal Sadílek,SK Slavia Praha,CZE,1999-05-31
Czech Republic,CZE,A,19,FW,Tomáš Chorý,SK Slavia Praha,CZE,1995-01-26
Czech Republic,CZE,A,20,DF,Jaroslav Zelený,AC Sparta Praha,CZE,1992-08-20
Czech Republic,CZE,A,21,DF,David Douděra,SK Slavia Praha,CZE,1998-05-31
Czech Republic,CZE,A,22,MF,Tomáš Souček,West Ham United FC,ENG,1995-02-27
Czech Republic,CZE,A,23,GK,Lukáš Horníček,SC Braga,POR,2002-07-13
Czech Republic,CZE,A,24,MF,Alexandr Sojka,FC Viktoria Plzeň,CZE,2003-04-02
Czech Republic,CZE,A,25,MF,Hugo Sochůrek,AC Sparta Praha,CZE,2008-06-07
Czech Republic,CZE,A,26,FW,Denis Višinský,FC Viktoria Plzeň,CZE,2003-03-21
Mexico,MEX,A,1,GK,Raúl Rangel,CD Guadalajara,MEX,2000-02-25
Mexico,MEX,A,2,DF,Jorge Sánchez,PAOK Saloniki,GRE,1997-12-10
Mexico,MEX,A,3,DF,César Montes,FC Lokomotiv Moscow,RUS,1997-02-24
Mexico,MEX,A,4,DF,Edson Álvarez,Fenerbahçe SK,TUR,1997-10-24
Mexico,MEX,A,5,DF,Johan Vásquez,Genoa CFC,ITA,1998-10-22
Mexico,MEX,A,6,MF,Érik Lira,CF Cruz Azul,MEX,2000-05-08
Mexico,MEX,A,7,MF,Luis Romo,CD Guadalajara,MEX,1995-06-05
Mexico,MEX,A,8,MF,Álvaro Fidalgo,Real Betis,ESP,1997-04-09
Mexico,MEX,A,9,FW,Raúl Jiménez,Fulham FC,ENG,1991-05-05
Mexico,MEX,A,10,FW,Alexis Vega,Deportivo Toluca FC,MEX,1997-11-25
Mexico,MEX,A,11,FW,Santiago Giménez,AC Milan,ITA,2001-04-18
Mexico,MEX,A,12,GK,Carlos Acevedo,Club Santos Laguna,MEX,1996-04-19
Mexico,MEX,A,13,GK,Guillermo Ochoa,AEL Limassol,CYP,1985-07-13
Mexico,MEX,A,14,FW,Armando González,CD Guadalajara,MEX,2003-04-20
Mexico,MEX,A,15,DF,Israel Reyes,Club América,MEX,2000-05-23
Mexico,MEX,A,16,FW,Julián Quiñones,Al Qadsiah FC,KSA,1997-03-24
Mexico,MEX,A,17,MF,Orbelín Pineda,AEK Athens,GRE,1996-03-24
Mexico,MEX,A,18,MF,Obed Vargas,Atlético De Madrid,ESP,2005-08-05
Mexico,MEX,A,19,MF,Gilberto Mora,Club Tijuana,MEX,2008-10-14
Mexico,MEX,A,20,DF,Mateo Chávez,AZ Alkmaar,NED,2004-05-12
Mexico,MEX,A,21,FW,César Huerta,RSC Anderlecht,BEL,2000-12-03
Mexico,MEX,A,22,FW,Guillermo Martínez,Pumas UNAM,MEX,1995-03-15
Mexico,MEX,A,23,DF,Jesús Gallardo,Deportivo Toluca FC,MEX,1994-08-15
Mexico,MEX,A,24,MF,Luis Chávez,FC Dynamo Moscow,RUS,1996-01-15
Mexico,MEX,A,25,FW,Roberto Alvarado,CD Guadalajara,MEX,1998-09-07
Mexico,MEX,A,26,MF,Brian Gutiérrez,CD Guadalajara,MEX,2003-06-17
South Africa,RSA,A,1,GK,Ronwen Williams,Mamelodi Sundowns FC,RSA,1992-01-21
South Africa,RSA,A,2,DF,Thabang Matuludi,Polokwane City FC,RSA,1999-01-14
South Africa,RSA,A,3,DF,Khulumani Ndamane,Mamelodi Sundowns FC,RSA,2004-02-05
South Africa,RSA,A,4,MF,Teboho Mokoena,Mamelodi Sundowns FC,RSA,1997-01-24
South Africa,RSA,A,5,MF,Thalente Mbatha,Orlando Pirates FC,RSA,2000-03-06
South Africa,RSA,A,6,DF,Aubrey Modiba,Mamelodi Sundowns FC,RSA,1995-07-22
South Africa,RSA,A,7,FW,Oswin Appollis,Orlando Pirates FC,RSA,2001-08-25
South Africa,RSA,A,8,FW,Tshepang Moremi,Orlando Pirates FC,RSA,2000-10-02
South Africa,RSA,A,9,FW,Lyle Foster,Burnley FC,ENG,2000-09-03
South Africa,RSA,A,10,FW,Relebohile Mofokeng,Orlando Pirates FC,RSA,2004-10-23
South Africa,RSA,A,11,MF,Themba Zwane,Mamelodi Sundowns FC,RSA,1989-08-03
South Africa,RSA,A,12,FW,Thapelo Maseko,AEL Limassol,CYP,2003-11-11
South Africa,RSA,A,13,MF,Sphephelo Sithole,CD Tondela,POR,1999-03-03
South Africa,RSA,A,14,DF,Mbekezeli Mbokazi,Chicago Fire FC,USA,2005-09-19
South Africa,RSA,A,15,FW,Iqraam Rayners,Mamelodi Sundowns FC,RSA,1995-12-19
South Africa,RSA,A,16,GK,Sipho Chaine,Orlando Pirates FC,RSA,1996-12-14
South Africa,RSA,A,17,FW,Evidence Makgopa,Orlando Pirates FC,RSA,2000-06-05
South Africa,RSA,A,18,DF,Samukele Kabini,Molde FK,NOR,2004-03-15
South Africa,RSA,A,19,DF,Nkosinathi Sibisi,Orlando Pirates FC,RSA,1995-09-22
South Africa,RSA,A,20,DF,Khuliso Mudau,Mamelodi Sundowns FC,RSA,1995-04-26
South Africa,RSA,A,21,DF,Ime Okon,Hannover 96,GER,2004-02-20
South Africa,RSA,A,22,GK,Ricardo Goss,Siwelele FC,RSA,1994-04-02
South Africa,RSA,A,23,MF,Jayden Adams,Mamelodi Sundowns FC,RSA,2001-05-05
South Africa,RSA,A,24,DF,Olwethu Makhanya,Philadelphia Union,USA,2004-04-30
South Africa,RSA,A,25,FW,Kamogelo Sebelebele,Orlando Pirates FC,RSA,2002-07-21
South Africa,RSA,A,26,DF,Bradley Cross,Kaizer Chiefs FC,RSA,2001-01-30
South Korea,KOR,A,1,GK,Kim Seung-gyu,FC Tokyo,JPN,1990-09-30
South Korea,KOR,A,2,DF,Lee Han-beom,FC Midtjylland,DEN,2002-06-17
South Korea,KOR,A,3,MF,Lee Gi-hyuk,Gangwon FC,KOR,2000-07-07
South Korea,KOR,A,4,DF,Kim Min-jae,FC Bayern München,GER,1996-11-15
South Korea,KOR,A,5,DF,Kim Tae-hyeon,Kashima Antlers,JPN,2000-09-17
South Korea,KOR,A,6,MF,Hwang In-beom,Feyenoord Rotterdam,NED,1996-09-20
South Korea,KOR,A,7,FW,Son Heung-min,LAFC,USA,1992-07-08
South Korea,KOR,A,8,MF,Paik Seung-ho,Birmingham City FC,ENG,1997-03-17
South Korea,KOR,A,9,FW,Cho Gue-sung,FC Midtjylland,DEN,1998-01-25
South Korea,KOR,A,10,MF,Lee Jae-sung,1. FSV Mainz 05,GER,1992-08-10
South Korea,KOR,A,11,MF,Hwang Hee-chan,Wolverhampton Wanderers FC,ENG,1996-01-26
South Korea,KOR,A,12,GK,Song Bum-keun,Jeonbuk Hyundai Motors FC,KOR,1997-10-15
South Korea,KOR,A,13,DF,Lee Tae-seok,FK Austria Wien,AUT,2002-07-28
South Korea,KOR,A,14,DF,Cho Wi-je,Jeonbuk Hyundai Motors FC,KOR,2001-08-25
South Korea,KOR,A,15,DF,Kim Moon-hwan,Daejeon Hana Citizen FC,KOR,1995-08-01
South Korea,KOR,A,16,DF,Park Jin-seob,Zhejiang FC,CHN,1995-10-23
South Korea,KOR,A,17,MF,Bae Jun-ho,Stoke City FC,ENG,2003-08-21
South Korea,KOR,A,18,FW,Oh Hyeon-gyu,Beşiktaş JK,TUR,2001-04-12
South Korea,KOR,A,19,MF,Lee Kang-in,Paris Saint-Germain,FRA,2001-02-19
South Korea,KOR,A,20,MF,Yang Hyun-jun,Celtic FC,SCO,2002-05-25
South Korea,KOR,A,21,GK,Jo Hyeon-woo,Ulsan HD,KOR,1991-09-25
South Korea,KOR,A,22,DF,Seol Young-woo,FK Crvena Zvezda,SRB,1998-12-05
South Korea,KOR,A,23,DF,Jens Castrop,Borussia Mönchengladbach,GER,2003-07-29
South Korea,KOR,A,24,MF,Kim Jin-gyu,Jeonbuk Hyundai Motors FC,KOR,1997-02-24
South Korea,KOR,A,25,MF,Eom Ji-sung,Swansea City AFC,WAL,2002-05-09
South Korea,KOR,A,26,MF,Lee Dong-gyeong,Ulsan HD,KOR,1997-09-20
Bosnia and Herzegovina,BIH,B,1,GK,Nikola Vasilj,FC St. Pauli,GER,1995-12-02
Bosnia and Herzegovina,BIH,B,2,DF,Nihad Mujakić,Gaziantep FK,TUR,1998-04-15
Bosnia and Herzegovina,BIH,B,3,DF,Dennis Hadžikadunić,UC Sampdoria,ITA,1998-07-09
Bosnia and Herzegovina,BIH,B,4,DF,Tarik Muharemović,US Sassuolo,ITA,2003-02-28
Bosnia and Herzegovina,BIH,B,5,DF,Sead Kolašinac,Atalanta Bergamo,ITA,1993-06-20
Bosnia and Herzegovina,BIH,B,6,MF,Benjamin Tahirović,Brøndby IF,DEN,2003-03-03
Bosnia and Herzegovina,BIH,B,7,DF,Amar Dedić,SL Benfica,POR,2002-08-18
Bosnia and Herzegovina,BIH,B,8,MF,Armin Gigović,BSC Young Boys,SUI,2002-04-06
Bosnia and Herzegovina,BIH,B,9,FW,Samed Baždar,Jagiellonia Białystok,POL,2004-01-31
Bosnia and Herzegovina,BIH,B,10,FW,Ermedin Demirović,VfB Stuttgart,GER,1998-03-25
Bosnia and Herzegovina,BIH,B,11,FW,Edin Džeko,FC Schalke 04,GER,1986-03-17
Bosnia and Herzegovina,BIH,B,12,GK,Mladen Jurkas,FK Borac Banja Luka,BIH,2007-10-07
Bosnia and Herzegovina,BIH,B,13,MF,Ivan Bašić,FC Astana,KAZ,2002-04-30
Bosnia and Herzegovina,BIH,B,14,MF,Ivan Šunjić,Pafos FC,CYP,1996-10-09
Bosnia and Herzegovina,BIH,B,15,MF,Amar Memić,FC Viktoria Plzeň,CZE,2001-01-20
Bosnia and Herzegovina,BIH,B,16,MF,Amir Hadžiahmetović,Hull City FC,ENG,1997-03-08
Bosnia and Herzegovina,BIH,B,17,MF,Dženis Burnić,Karlsruher SC,GER,1998-05-22
Bosnia and Herzegovina,BIH,B,18,DF,Nikola Katić,FC Schalke 04,GER,1996-10-10
Bosnia and Herzegovina,BIH,B,19,FW,Kerim Alajbegović,FC Red Bull Salzburg,AUT,2007-09-21
Bosnia and Herzegovina,BIH,B,20,FW,Esmir Bajraktarević,PSV Eindhoven,NED,2005-03-10
Bosnia and Herzegovina,BIH,B,21,DF,Stjepan Radeljić,HNK Rijeka,CRO,1997-09-05
Bosnia and Herzegovina,BIH,B,22,GK,Martin Zlomislić,HNK Rijeka,CRO,1998-08-16
Bosnia and Herzegovina,BIH,B,23,FW,Haris Tabaković,Borussia Mönchengladbach,GER,1994-06-20
Bosnia and Herzegovina,BIH,B,24,DF,Nidal Čelik,SK Sturm Graz,AUT,2006-07-17
Bosnia and Herzegovina,BIH,B,25,FW,Jovo Lukić,Universitatea Cluj,ROU,1998-11-28
Bosnia and Herzegovina,BIH,B,26,MF,Ermin Mahmić,FC Slovan Liberec,CZE,2005-03-14
Canada,CAN,B,1,GK,Dayne St. Clair,Inter Miami CF,USA,1997-05-09
Canada,CAN,B,2,DF,Alistair Johnston,Celtic FC,SCO,1998-10-08
Canada,CAN,B,3,DF,Alfie Jones,Middlesbrough FC,ENG,1997-10-07
Canada,CAN,B,4,DF,Luc de Fougerolles,FCV Dender EH,BEL,2005-10-12
Canada,CAN,B,5,DF,Joel Waterman,Chicago Fire FC,USA,1996-01-24
Canada,CAN,B,6,MF,Mathieu Choinière,LAFC,USA,1999-02-07
Canada,CAN,B,7,MF,Stephen Eustáquio,LAFC,USA,1996-12-21
Canada,CAN,B,8,MF,Ismaël Koné,US Sassuolo,ITA,2002-06-16
Canada,CAN,B,9,FW,Cyle Larin,Southampton FC,ENG,1995-04-17
Canada,CAN,B,10,FW,Jonathan David,Juventus FC,ITA,2000-01-14
Canada,CAN,B,11,MF,Liam Millar,Hull City FC,ENG,1999-09-27
Canada,CAN,B,12,FW,Tani Oluwaseyi,Villarreal CF,ESP,2000-05-15
Canada,CAN,B,13,DF,Derek Cornelius,Rangers FC,SCO,1997-11-25
Canada,CAN,B,14,MF,Jacob Shaffelburg,LAFC,USA,1999-11-26
Canada,CAN,B,15,DF,Moïse Bombito,OGC Nice,FRA,2000-03-30
Canada,CAN,B,16,GK,Maxime Crépeau,Orlando City SC,USA,1994-05-11
Canada,CAN,B,17,FW,Tajon Buchanan,Villarreal CF,ESP,1999-02-08
Canada,CAN,B,18,GK,Owen Goodman,Barnsley,ENG,2003-11-27
Canada,CAN,B,19,DF,Alphonso Davies,FC Bayern München,GER,2000-11-02
Canada,CAN,B,20,FW,Ali Ahmed,Norwich City FC,ENG,2000-10-10
Canada,CAN,B,21,MF,Jonathan Osorio,Toronto FC,CAN,1992-06-12
Canada,CAN,B,22,DF,Richie Laryea,Toronto FC,CAN,1995-01-07
Canada,CAN,B,23,DF,Niko Sigur,HNK Hajduk Split,CRO,2003-09-09
Canada,CAN,B,24,FW,Promise David,Royale Union Saint-Gilloise,BEL,2001-07-03
Canada,CAN,B,25,MF,Nathan Saliba,RSC Anderlecht,BEL,2004-02-07
Canada,CAN,B,26,MF,Jayden Nelson,Austin FC,USA,2002-02-07
Qatar,QAT,B,1,GK,Mahmud Abunada,Al Rayyan SC,QAT,2000-02-05
Qatar,QAT,B,2,DF,Pedro Miguel,Al Sadd SC,QAT,1990-08-06
Qatar,QAT,B,3,DF,Lucas Mendes,Al Wakrah SC,QAT,1990-07-03
Qatar,QAT,B,4,DF,Issa Laye,Al Arabi SC,QAT,1997-12-22
Qatar,QAT,B,5,DF,Jassem Gaber,Al Rayyan SC,QAT,2002-02-20
Qatar,QAT,B,6,MF,Abdulaziz Hatem,Al Rayyan SC,QAT,1990-01-01
Qatar,QAT,B,7,FW,Ahmed Alaaeldin,Al Rayyan SC,QAT,1993-01-31
Qatar,QAT,B,8,FW,Edmilson Junior,Al Duhail SC,QAT,1994-08-19
Qatar,QAT,B,9,FW,Mohammed Muntari,Al Gharafa SC,QAT,1993-12-20
Qatar,QAT,B,10,FW,Hassan Al-Haydos,Al Sadd SC,QAT,1990-12-11
Qatar,QAT,B,11,FW,Akram Afif,Al Sadd SC,QAT,1996-11-18
Qatar,QAT,B,12,MF,Karim Boudiaf,Al Duhail SC,QAT,1990-09-16
Qatar,QAT,B,13,DF,Ayoub Al-Oui,Al Gharafa SC,QAT,2005-03-11
Qatar,QAT,B,14,DF,Homam Ahmed,Cultural Leonesa,ESP,1999-08-25
Qatar,QAT,B,15,FW,Yusuf Abdurisag,Al Wakrah SC,QAT,1999-08-06
Qatar,QAT,B,16,DF,Boualem Khoukhi,Al Sadd SC,QAT,1990-07-09
Qatar,QAT,B,17,MF,Ahmed Al-Ganehi,Al Gharafa SC,QAT,2000-09-22
Qatar,QAT,B,18,DF,Sultan Al-Brake,Al Duhail SC,QAT,1996-04-07
Qatar,QAT,B,19,FW,Almoez Ali,Al Duhail SC,QAT,1996-08-19
Qatar,QAT,B,20,MF,Ahmed Fathy,Al Arabi SC,QAT,1993-01-25
Qatar,QAT,B,21,GK,Salah Zakaria,Al Duhail SC,QAT,1999-04-24
Qatar,QAT,B,22,GK,Meshaal Barsham,Al Sadd SC,QAT,1998-02-14
Qatar,QAT,B,23,MF,Assim Madibo,Al Wakrah SC,QAT,1996-10-22
Qatar,QAT,B,24,FW,Tahsin Jamshid,Al Duhail SC,QAT,2006-06-16
Qatar,QAT,B,25,DF,Al-Hashmi Al-Hussain,Al Arabi SC,QAT,2003-08-15
Qatar,QAT,B,26,FW,Mohamed Manai,Al Shamal SC,QAT,2002-10-25
Switzerland,SUI,B,1,GK,Gregor Kobel,Borussia Dortmund,GER,1997-12-06
Switzerland,SUI,B,2,DF,Miro Muheim,Hamburger SV,GER,1998-03-24
Switzerland,SUI,B,3,DF,Silvan Widmer,1. FSV Mainz 05,GER,1993-03-05
Switzerland,SUI,B,4,DF,Nico Elvedi,Borussia Mönchengladbach,GER,1996-09-30
Switzerland,SUI,B,5,DF,Manuel Akanji,FC Internazionale Milano,ITA,1995-07-19
Switzerland,SUI,B,6,MF,Denis Zakaria,AS Monaco,FRA,1996-11-20
Switzerland,SUI,B,7,FW,Breel Embolo,Stade Rennais FC,FRA,1997-02-14
Switzerland,SUI,B,8,MF,Remo Freuler,Bologna FC,ITA,1992-04-15
Switzerland,SUI,B,9,MF,Johan Manzambi,SC Freiburg,GER,2005-10-14
Switzerland,SUI,B,10,MF,Granit Xhaka,Sunderland AFC,ENG,1992-09-27
Switzerland,SUI,B,11,FW,Dan Ndoye,Nottingham Forest FC,ENG,2000-10-25
Switzerland,SUI,B,12,GK,Yvon Mvogo,FC Lorient,FRA,1994-06-06
Switzerland,SUI,B,13,DF,Ricardo Rodriguez,Real Betis,ESP,1992-08-25
Switzerland,SUI,B,14,MF,Ardon Jashari,AC Milan,ITA,2002-07-30
Switzerland,SUI,B,15,MF,Djibril Sow,Sevilla FC,ESP,1997-02-06
Switzerland,SUI,B,16,FW,Christian Fassnacht,BSC Young Boys,SUI,1993-11-11
Switzerland,SUI,B,17,FW,Rubén Vargas,Sevilla FC,ESP,1998-08-05
Switzerland,SUI,B,18,DF,Eray Cömert,Valencia CF,ESP,1998-02-04
Switzerland,SUI,B,19,FW,Noah Okafor,Leeds United FC,ENG,2000-05-24
Switzerland,SUI,B,20,MF,Michel Aebischer,Pisa SC,ITA,1997-01-06
Switzerland,SUI,B,21,GK,Marvin Keller,BSC Young Boys,SUI,2002-07-03
Switzerland,SUI,B,22,MF,Fabian Rieder,FC Augsburg,GER,2002-02-16
Switzerland,SUI,B,23,FW,Zeki Amdouni,Burnley FC,ENG,2000-12-04
Switzerland,SUI,B,24,DF,Aurèle Amenda,Eintracht Frankfurt,GER,2003-07-31
Switzerland,SUI,B,25,DF,Luca Jaquez,VfB Stuttgart,GER,2003-06-02
Switzerland,SUI,B,26,FW,Cedric Itten,Fortuna Düsseldorf,GER,1996-12-27
Brazil,BRA,C,1,GK,Alisson,Liverpool FC,ENG,1992-10-02
Brazil,BRA,C,2,MF,Éderson Silva,Atalanta Bergamo,ITA,1999-07-07
Brazil,BRA,C,3,DF,Gabriel Magalhães,Arsenal FC,ENG,1997-12-19
Brazil,BRA,C,4,DF,Marquinhos,Paris Saint-Germain,FRA,1994-05-14
Brazil,BRA,C,5,MF,Casemiro,Manchester United FC,ENG,1992-02-23
Brazil,BRA,C,6,DF,Alex Sandro,CR Flamengo,BRA,1991-01-26
Brazil,BRA,C,7,FW,Vinícius Júnior,Real Madrid C. F.,ESP,2000-07-12
Brazil,BRA,C,8,MF,Bruno Guimarães,Newcastle United FC,ENG,1997-11-16
Brazil,BRA,C,9,FW,Matheus Cunha,Manchester United FC,ENG,1999-05-27
Brazil,BRA,C,10,FW,Neymar,Santos FC,BRA,1992-02-05
Brazil,BRA,C,11,FW,Raphinha,FC Barcelona,ESP,1996-12-14
Brazil,BRA,C,12,GK,Weverton,Grêmio FBPA,BRA,1987-12-13
Brazil,BRA,C,13,DF,Danilo Luiz,CR Flamengo,BRA,1991-07-15
Brazil,BRA,C,14,DF,Bremer,Juventus FC,ITA,1997-03-18
Brazil,BRA,C,15,DF,Léo Pereira,CR Flamengo,BRA,1996-01-31
Brazil,BRA,C,16,DF,Douglas Santos,FC Zenit St. Petersburg,RUS,1994-03-22
Brazil,BRA,C,17,MF,Fabinho,Al Ittihad,KSA,1993-10-23
Brazil,BRA,C,18,MF,Danilo Santos,Botafogo,BRA,2001-04-29
Brazil,BRA,C,19,FW,Endrick,Olympique Lyonnais,FRA,2006-07-21
Brazil,BRA,C,20,MF,Lucas Paquetá,CR Flamengo,BRA,1997-08-27
Brazil,BRA,C,21,FW,Luiz Henrique,FC Zenit St. Petersburg,RUS,2001-01-02
Brazil,BRA,C,22,FW,Gabriel Martinelli,Arsenal FC,ENG,2001-06-18
Brazil,BRA,C,23,GK,Ederson Moraes,Fenerbahçe SK,TUR,1993-08-17
Brazil,BRA,C,24,DF,Roger Ibañez,Al Ahli FC,KSA,1998-11-23
Brazil,BRA,C,25,FW,Igor Thiago,Brentford FC,ENG,2001-06-26
Brazil,BRA,C,26,FW,Rayan,AFC Bournemouth,ENG,2006-08-03
Haiti,HAI,C,1,GK,Johny Placide,SC Bastia,FRA,1988-01-29
Haiti,HAI,C,2,DF,Carlens Arcus,Angers SCO,FRA,1996-06-28
Haiti,HAI,C,3,DF,Keeto Thermoncy,BSC Young Boys,SUI,2006-03-29
Haiti,HAI,C,4,DF,Ricardo Adé,LDU Quito,ECU,1990-05-21
Haiti,HAI,C,5,DF,Hannes Delcroix,FC Lugano,SUI,1999-02-28
Haiti,HAI,C,6,MF,Carl Sainté,El Paso Locomotive FC,USA,2002-08-09
Haiti,HAI,C,7,FW,Derrick Etienne Jr.,Toronto FC,CAN,1996-11-25
Haiti,HAI,C,8,DF,Martin Expérience,AS Nancy,FRA,1999-03-09
Haiti,HAI,C,9,FW,Duckens Nazon,Esteghlal Tehran FC,IRN,1994-04-07
Haiti,HAI,C,10,MF,Jean-Ricner Bellegarde,Wolverhampton Wanderers FC,ENG,1998-06-27
Haiti,HAI,C,11,FW,Louicius Deedson,FC Dallas,USA,2001-02-11
Haiti,HAI,C,12,GK,Alexandre Pierre,FC Sochaux-Montbéliard,FRA,2001-02-25
Haiti,HAI,C,13,DF,Duke Lacroix,Colorado Springs Switchbacks FC,USA,1993-10-14
Haiti,HAI,C,14,MF,Leverton Pierre,Colorado Springs Switchbacks FC,USA,1998-03-09
Haiti,HAI,C,15,FW,Ruben Providence,Almere City FC,NED,2001-07-07
Haiti,HAI,C,16,FW,Lenny Joseph,Ferencvárosi TC,HUN,2000-10-12
Haiti,HAI,C,17,MF,Danley Jean Jacques,Philadelphia Union,USA,2000-05-20
Haiti,HAI,C,18,FW,Wilson Isidor,Sunderland AFC,ENG,2000-08-27
Haiti,HAI,C,19,FW,Yassin Fortuné,FC Vizela,POR,1999-01-30
Haiti,HAI,C,20,FW,Frantzdy Pierrot,Çaykur Rizespor,TUR,1995-03-29
Haiti,HAI,C,21,FW,Josué Casimir,AJ Auxerre,FRA,2001-09-24
Haiti,HAI,C,22,DF,Jean-Kévin Duverne,KAA Gent,BEL,1997-07-12
Haiti,HAI,C,23,GK,Josué Duverger,FC Cosmos Koblenz,GER,2000-04-27
Haiti,HAI,C,24,DF,Wilguens Paugain,SV Zulte Waregem,BEL,2001-08-24
Haiti,HAI,C,25,MF,Dominique Simon,FC Tatran Prešov,SVK,2000-07-29
Haiti,HAI,C,26,MF,Woodensky Pierre,Violette AC,HAI,2004-12-30
Morocco,MAR,C,1,GK,Yassine Bounou,Al Hilal SC,KSA,1991-04-05
Morocco,MAR,C,2,DF,Achraf Hakimi,Paris Saint-Germain,FRA,1998-11-04
Morocco,MAR,C,3,DF,Noussair Mazraoui,Manchester United FC,ENG,1997-11-14
Morocco,MAR,C,4,MF,Sofyan Amrabat,Real Betis,ESP,1996-08-21
Morocco,MAR,C,5,DF,Nayef Aguerd,Al Fateh SC,KSA,1996-03-30
Morocco,MAR,C,6,MF,Ayyoub Bouaddi,Lille OSC,FRA,2007-10-02
Morocco,MAR,C,7,MF,Chemsdine Talbi,Sunderland AFC,ENG,2005-05-09
Morocco,MAR,C,8,MF,Azzedine Ounahi,Girona FC,ESP,2000-04-19
Morocco,MAR,C,9,FW,Soufiane Rahimi,Al Ain FC,UAE,1996-06-02
Morocco,MAR,C,10,FW,Brahim Díaz,Real Madrid C. F.,ESP,1999-08-03
Morocco,MAR,C,11,MF,Ismael Saibari,PSV Eindhoven,NED,2001-01-28
Morocco,MAR,C,12,GK,Munir Mohamedi,RS Berkane,MAR,1989-05-10
Morocco,MAR,C,13,DF,Zakaria El Ouahdi,KRC Genk,BEL,2001-12-31
Morocco,MAR,C,14,DF,Issa Diop,Fulham FC,ENG,1997-01-09
Morocco,MAR,C,15,MF,Samir El Mourabet,RC Strasbourg,FRA,2005-10-06
Morocco,MAR,C,16,MF,Gessime Yassine,RC Strasbourg,FRA,2005-11-22
Morocco,MAR,C,17,FW,Abde Ezzalzouli,Angers SCO,FRA,2001-12-17
Morocco,MAR,C,18,DF,Chadi Riad,Crystal Palace FC,ENG,2003-06-17
Morocco,MAR,C,19,DF,Youssef Belammari,Al Ahly FC,EGY,1998-09-20
Morocco,MAR,C,20,FW,Ayoub El Kaabi,Olympiacos FC,GRE,1993-06-25
Morocco,MAR,C,21,FW,Ayoube Amaimouni,Eintracht Frankfurt,GER,2004-11-30
Morocco,MAR,C,22,GK,Ahmed Reda Tagnaouti,ASFAR,MAR,1996-04-05
Morocco,MAR,C,23,MF,Bilal El Khannouss,VfB Stuttgart,GER,2004-05-10
Morocco,MAR,C,24,MF,Neil El Aynaoui,AS Roma,ITA,2001-07-02
Morocco,MAR,C,25,DF,Redouane Halhal,KV Mechelen,BEL,2003-03-05
Morocco,MAR,C,26,DF,Anass Salah-Eddine,PSV Eindhoven,NED,2002-01-18
Scotland,SCO,C,1,GK,Angus Gunn,Nottingham Forest FC,ENG,1996-01-22
Scotland,SCO,C,2,DF,Aaron Hickey,Brentford FC,ENG,2002-06-10
Scotland,SCO,C,3,DF,Andy Robertson,Liverpool FC,ENG,1994-03-11
Scotland,SCO,C,4,MF,Scott McTominay,SSC Napoli,ITA,1996-12-08
Scotland,SCO,C,5,DF,Grant Hanley,Hibernian FC,SCO,1991-11-20
Scotland,SCO,C,6,DF,Kieran Tierney,Celtic FC,SCO,1997-06-05
Scotland,SCO,C,7,MF,John McGinn,Aston Villa FC,ENG,1994-10-18
Scotland,SCO,C,8,MF,Tyler Fletcher,Manchester United FC,ENG,2007-03-19
Scotland,SCO,C,9,FW,Lyndon Dykes,Charlton Athletic FC,ENG,1995-10-07
Scotland,SCO,C,10,FW,Ché Adams,Torino FC,ITA,1996-07-13
Scotland,SCO,C,11,MF,Ryan Christie,AFC Bournemouth,ENG,1995-02-22
Scotland,SCO,C,12,GK,Liam Kelly,Rangers FC,SCO,1996-01-23
Scotland,SCO,C,13,DF,Jack Hendry,Al Ettifaq FC,KSA,1995-05-07
Scotland,SCO,C,14,FW,Ross Stewart,Southampton FC,ENG,1996-07-11
Scotland,SCO,C,15,DF,John Souttar,Rangers FC,SCO,1996-09-25
Scotland,SCO,C,16,DF,Dominic Hyam,Wrexham AFC,WAL,1995-12-20
Scotland,SCO,C,17,FW,Ben Gannon-Doak,AFC Bournemouth,ENG,2005-11-11
Scotland,SCO,C,18,FW,George Hirst,Ipswich Town FC,ENG,1999-02-15
Scotland,SCO,C,19,MF,Lewis Ferguson,Bologna FC,ITA,1999-08-24
Scotland,SCO,C,20,FW,Lawrence Shankland,Heart Of Midlothian FC,SCO,1995-08-10
Scotland,SCO,C,21,GK,Craig Gordon,Heart Of Midlothian FC,SCO,1982-12-31
Scotland,SCO,C,22,DF,Nathan Patterson,Everton FC,ENG,2001-10-16
Scotland,SCO,C,23,MF,Kenny McLean,Norwich City FC,ENG,1992-01-08
Scotland,SCO,C,24,DF,Anthony Ralston,Celtic FC,SCO,1998-11-16
Scotland,SCO,C,25,FW,Findlay Curtis,Kilmarnock FC,SCO,2006-06-09
Scotland,SCO,C,26,DF,Scott McKenna,GNK Dinamo Zagreb,CRO,1996-11-12
Australia,AUS,D,1,GK,Mathew Ryan,Levante UD,ESP,1992-04-08
Australia,AUS,D,2,DF,Miloš Degenek,APOEL FC,CYP,1994-04-28
Australia,AUS,D,3,DF,Alessandro Circati,Parma,ITA,2003-10-10
Australia,AUS,D,4,DF,Jacob Italiano,Grazer AK,AUT,2001-07-30
Australia,AUS,D,5,DF,Jordan Bos,Feyenoord Rotterdam,NED,2002-10-29
Australia,AUS,D,6,DF,Jason Geria,Albirex Niigata,JPN,1993-05-10
Australia,AUS,D,7,FW,Mathew Leckie,Melbourne City FC,AUS,1991-02-04
Australia,AUS,D,8,MF,Connor Metcalfe,FC St. Pauli,GER,1999-11-05
Australia,AUS,D,9,FW,Mohamed Touré,Norwich City FC,ENG,2004-03-26
Australia,AUS,D,10,FW,Ajdin Hrustic,SC Heracles Almelo,NED,1996-07-05
Australia,AUS,D,11,FW,Awer Mabil,CD Castellón,ESP,1995-09-15
Australia,AUS,D,12,GK,Paul Izzo,Randers FC,DEN,1995-01-06
Australia,AUS,D,13,MF,Aiden O'Neill,New York City FC,USA,1998-07-04
Australia,AUS,D,14,MF,Cammy Devlin,Heart Of Midlothian FC,SCO,1998-06-07
Australia,AUS,D,15,DF,Kai Trewin,New York City FC,USA,2001-05-18
Australia,AUS,D,16,DF,Aziz Behich,Melbourne City FC,AUS,1990-12-16
Australia,AUS,D,17,FW,Nestory Irankunda,Watford FC,ENG,2006-02-09
Australia,AUS,D,18,GK,Patrick Beach,Melbourne City FC,AUS,2003-08-06
Australia,AUS,D,19,DF,Harry Souttar,Leicester City FC,ENG,1998-10-22
Australia,AUS,D,20,FW,Cristian Volpato,US Sassuolo,ITA,2003-11-15
Australia,AUS,D,21,DF,Cameron Burgess,Swansea City AFC,WAL,1995-10-21
Australia,AUS,D,22,MF,Jackson Irvine,FC St. Pauli,GER,1993-03-07
Australia,AUS,D,23,FW,Nishan Velupillay,Melbourne Victory FC,AUS,2001-05-07
Australia,AUS,D,24,MF,Paul Okon-Engstler,Sydney FC,AUS,2005-01-24
Australia,AUS,D,25,DF,Lucas Herrington,Colorado Rapids,USA,2007-09-05
Australia,AUS,D,26,FW,Tete Yengi,FC Machida Zelvia,JPN,2000-11-28
Paraguay,PAR,D,1,GK,Gatito Fernández,Cerro Porteño,PAR,1988-03-29
Paraguay,PAR,D,2,DF,Gustavo Velázquez,Cerro Porteño,PAR,1991-04-17
Paraguay,PAR,D,3,DF,Omar Alderete,Sunderland AFC,ENG,1996-12-26
Paraguay,PAR,D,4,DF,Juan José Cáceres,FC Dynamo Moscow,RUS,2000-06-01
Paraguay,PAR,D,5,DF,Fabián Balbuena,Grêmio FBPA,BRA,1991-08-23
Paraguay,PAR,D,6,DF,Júnior Alonso,Atlético Mineiro,BRA,1993-02-09
Paraguay,PAR,D,7,MF,Ramón Sosa,SE Palmeiras,BRA,1999-08-31
Paraguay,PAR,D,8,MF,Diego Gómez,Brighton & Hove Albion FC,ENG,2003-03-27
Paraguay,PAR,D,9,FW,Antonio Sanabria,US Cremonese,ITA,1996-03-04
Paraguay,PAR,D,10,MF,Miguel Almirón,Atlanta United FC,USA,1994-02-10
Paraguay,PAR,D,11,MF,Maurício,SE Palmeiras,BRA,2001-06-22
Paraguay,PAR,D,12,GK,Orlando Gill,CA San Lorenzo,ARG,2000-06-11
Paraguay,PAR,D,13,DF,José Canale,CA Lanús,ARG,1996-07-20
Paraguay,PAR,D,14,MF,Andrés Cubas,Vancouver Whitecaps FC,CAN,1996-05-11
Paraguay,PAR,D,15,DF,Gustavo Gómez,SE Palmeiras,BRA,1993-05-06
Paraguay,PAR,D,16,MF,Damián Bobadilla,São Paulo FC,BRA,2001-07-11
Paraguay,PAR,D,17,FW,Kaku,Al Ain FC,UAE,1995-01-11
Paraguay,PAR,D,18,FW,Álex Arce,CS Independiente Rivadavia,ARG,1995-06-16
Paraguay,PAR,D,19,FW,Julio Enciso,RC Strasbourg,FRA,2004-01-23
Paraguay,PAR,D,20,MF,Braian Ojeda,Orlando City SC,USA,2000-06-27
Paraguay,PAR,D,21,FW,Gabriel Ávalos,CA Independiente,ARG,1990-10-12
Paraguay,PAR,D,22,GK,Gastón Olveira,Club Olimpia,PAR,1993-04-21
Paraguay,PAR,D,23,MF,Matías Galarza,Atlanta United FC,USA,2002-02-11
Paraguay,PAR,D,24,MF,Gustavo Caballero,Portsmouth FC,ENG,2001-09-21
Paraguay,PAR,D,25,FW,Isidro Pitta,Red Bull Bragantino,BRA,1999-08-14
Paraguay,PAR,D,26,DF,Alexandro Maidana,CA Talleres,ARG,2005-07-26
Turkey,TUR,D,1,GK,Mert Günok,Fenerbahçe SK,TUR,1989-03-01
Turkey,TUR,D,2,DF,Zeki Çelik,AS Roma,ITA,1997-02-17
Turkey,TUR,D,3,DF,Merih Demiral,Al Ahli FC,KSA,1998-03-05
Turkey,TUR,D,4,DF,Çağlar Söyüncü,Fenerbahçe SK,TUR,1996-05-23
Turkey,TUR,D,5,MF,Salih Özcan,Borussia Dortmund,GER,1998-01-11
Turkey,TUR,D,6,MF,Orkun Kökçü,Beşiktaş JK,TUR,2000-12-29
Turkey,TUR,D,7,FW,Kerem Aktürkoğlu,Fenerbahçe SK,TUR,1998-10-21
Turkey,TUR,D,8,FW,Arda Güler,Real Madrid C. F.,ESP,2005-02-25
Turkey,TUR,D,9,FW,Deniz Gül,FC Porto,POR,2004-07-02
Turkey,TUR,D,10,MF,Hakan Çalhanoğlu,FC Internazionale Milano,ITA,1994-02-08
Turkey,TUR,D,11,FW,Kenan Yıldız,Juventus FC,ITA,2005-05-04
Turkey,TUR,D,12,GK,Altay Bayındır,Manchester United FC,ENG,1998-04-14
Turkey,TUR,D,13,DF,Eren Elmalı,Galatasaray SK,TUR,2000-07-07
Turkey,TUR,D,14,DF,Abdülkerim Bardakcı,Galatasaray SK,TUR,1994-09-07
Turkey,TUR,D,15,DF,Ozan Kabak,TSG Hoffenheim,GER,2000-03-25
Turkey,TUR,D,16,MF,İsmail Yüksek,Fenerbahçe SK,TUR,1999-01-26
Turkey,TUR,D,17,FW,İrfan Can Kahveci,Kasımpaşa SK,TUR,1995-07-15
Turkey,TUR,D,18,DF,Mert Müldür,Fenerbahçe SK,TUR,1999-04-03
Turkey,TUR,D,19,FW,Yunus Akgün,Galatasaray SK,TUR,2000-07-07
Turkey,TUR,D,20,DF,Ferdi Kadıoğlu,Brighton & Hove Albion FC,ENG,1999-10-07
Turkey,TUR,D,21,FW,Barış Alper Yılmaz,Galatasaray SK,TUR,2000-05-23
Turkey,TUR,D,22,MF,Kaan Ayhan,Galatasaray SK,TUR,1994-11-10
Turkey,TUR,D,23,GK,Uğurcan Çakır,Galatasaray SK,TUR,1996-04-05
Turkey,TUR,D,24,FW,Oğuz Aydın,Fenerbahçe SK,TUR,2000-10-27
Turkey,TUR,D,25,DF,Samet Akaydin,Çaykur Rizespor,TUR,1994-03-13
Turkey,TUR,D,26,FW,Can Uzun,Eintracht Frankfurt,GER,2005-11-11
United States,USA,D,1,GK,Matt Turner,New England Revolution,USA,1994-06-24
United States,USA,D,2,DF,Sergiño Dest,PSV Eindhoven,NED,2000-11-03
United States,USA,D,3,DF,Chris Richards,Crystal Palace FC,ENG,2000-03-28
United States,USA,D,4,MF,Tyler Adams,AFC Bournemouth,ENG,1999-02-14
United States,USA,D,5,DF,Antonee Robinson,Fulham FC,ENG,1997-08-08
United States,USA,D,6,DF,Auston Trusty,Celtic FC,SCO,1998-08-12
United States,USA,D,7,MF,Giovanni Reyna,Borussia Mönchengladbach,GER,2002-11-13
United States,USA,D,8,MF,Weston McKennie,Juventus FC,ITA,1998-08-28
United States,USA,D,9,FW,Ricardo Pepi,PSV Eindhoven,NED,2003-01-09
United States,USA,D,10,FW,Christian Pulisic,AC Milan,ITA,1998-09-18
United States,USA,D,11,FW,Brenden Aaronson,Leeds United FC,ENG,2000-10-22
United States,USA,D,12,DF,Miles Robinson,FC Cincinnatti,USA,1997-03-14
United States,USA,D,13,DF,Tim Ream,Charlotte FC,USA,1987-10-05
United States,USA,D,14,MF,Sebastian Berhalter,Vancouver Whitecaps FC,CAN,2001-05-10
United States,USA,D,15,MF,Cristian Roldan,Seattle Sounders FC,USA,1995-06-03
United States,USA,D,16,DF,Alex Freeman,Villarreal CF,ESP,2004-08-09
United States,USA,D,17,MF,Malik Tillman,Bayer 04 Leverkusen,GER,2002-05-28
United States,USA,D,18,DF,Max Arfsten,Columbus Crew,USA,2001-04-19
United States,USA,D,19,FW,Haji Wright,Coventry City FC,ENG,1998-03-27
United States,USA,D,20,FW,Folarin Balogun,AS Monaco,FRA,2001-07-03
United States,USA,D,21,FW,Timothy Weah,Olympique Marseille,FRA,2000-02-22
United States,USA,D,22,DF,Mark McKenzie,Toulouse FC,FRA,1999-02-25
United States,USA,D,23,DF,Joe Scally,Borussia Mönchengladbach,GER,2002-12-31
United States,USA,D,24,GK,Matt Freese,New York City FC,USA,1998-09-02
United States,USA,D,25,GK,Chris Brady,Chicago Fire FC,USA,2004-03-03
United States,USA,D,26,FW,Alejandro Zendejas,Club América,MEX,1998-02-07
Curaçao,CUW,E,1,GK,Eloy Room,Miami FC,USA,1989-02-06
Curaçao,CUW,E,2,DF,Shurandy Sambo,Sparta Rotterdam,NED,2001-08-19
Curaçao,CUW,E,3,DF,Juriën Gaari,Abha Club,KSA,1993-12-23
Curaçao,CUW,E,4,DF,Roshon van Eijma,RKC Waalwijk,NED,1998-06-09
Curaçao,CUW,E,5,DF,Sherel Floranus,PEC Zwolle,NED,1998-08-23
Curaçao,CUW,E,6,MF,Godfried Roemeratoe,RKC Waalwijk,NED,1999-08-19
Curaçao,CUW,E,7,MF,Juninho Bacuna,FC Volendam,NED,1997-08-07
Curaçao,CUW,E,8,MF,Livano Comenencia,FC Zürich,SUI,2004-02-03
Curaçao,CUW,E,9,FW,Jürgen Locadia,Miami FC,USA,1993-11-07
Curaçao,CUW,E,10,MF,Leandro Bacuna,Iğdır FK,TUR,1991-08-21
Curaçao,CUW,E,11,FW,Jeremy Antonisse,AE Kifisia FC,GRE,2002-03-29
Curaçao,CUW,E,12,FW,Sontje Hansen,Middlesbrough FC,ENG,2002-05-18
Curaçao,CUW,E,13,FW,Tyrese Noslin,SC Telstar,NED,2002-09-11
Curaçao,CUW,E,14,FW,Kenji Gorré,Maccabi Haifa FC,ISR,1994-09-29
Curaçao,CUW,E,15,MF,Ar'jany Martha,Rotherham United FC,ENG,2003-09-04
Curaçao,CUW,E,16,FW,Jearl Margaritha,SK Beveren,BEL,2000-04-10
Curaçao,CUW,E,17,FW,Brandley Kuwas,FC Volendam,NED,1992-09-19
Curaçao,CUW,E,18,DF,Armando Obispo,PSV Eindhoven,NED,1999-03-05
Curaçao,CUW,E,19,FW,Gervane Kastaneer,Terengganu FC,MAS,1996-06-09
Curaçao,CUW,E,20,DF,Joshua Brenet,Kayserispor,TUR,1994-03-20
Curaçao,CUW,E,21,MF,Tahith Chong,Sheffield United FC,ENG,1999-12-04
Curaçao,CUW,E,22,MF,Kevin Felida,FC Den Bosch,NED,1999-11-11
Curaçao,CUW,E,23,DF,Riechedly Bazoer,Konyaspor,TUR,1996-10-12
Curaçao,CUW,E,24,DF,Deveron Fonville,NEC Nijmegen,NED,2003-05-16
Curaçao,CUW,E,25,GK,Tyrick Bodak,SC Telstar,NED,2002-05-15
Curaçao,CUW,E,26,GK,Trevor Doornbusch,VVV Venlo,NED,1999-07-06
Ecuador,ECU,E,1,GK,Hernán Galíndez,CA Huracán,ARG,1987-03-30
Ecuador,ECU,E,2,DF,Félix Torres,SC Internacional,BRA,1997-01-11
Ecuador,ECU,E,3,DF,Piero Hincapié,Arsenal FC,ENG,2002-01-09
Ecuador,ECU,E,4,DF,Joel Ordóñez,Club Brugge,BEL,2004-04-21
Ecuador,ECU,E,5,MF,Jordy Alcívar,Independiente Del Valle,ECU,1999-08-05
Ecuador,ECU,E,6,DF,Willian Pacho,Paris Saint-Germain,FRA,2001-10-16
Ecuador,ECU,E,7,DF,Pervis Estupiñán,AC Milan,ITA,1998-01-21
Ecuador,ECU,E,8,MF,Anthony Valencia,Royal Antwerp FC,BEL,2003-07-21
Ecuador,ECU,E,9,FW,John Yeboah,Venezia FC,ITA,2000-06-23
Ecuador,ECU,E,10,MF,Kendry Páez,CA River Plate,ARG,2007-05-04
Ecuador,ECU,E,11,FW,Kevin Rodríguez,Royale Union Saint-Gilloise,BEL,2000-03-04
Ecuador,ECU,E,12,GK,Moisés Ramírez,AE Kifisia FC,GRE,2000-09-09
Ecuador,ECU,E,13,FW,Enner Valencia,CF Pachuca,MEX,1989-11-04
Ecuador,ECU,E,14,MF,Alan Minda,Atlético Mineiro,BRA,2003-05-14
Ecuador,ECU,E,15,MF,Pedro Vite,Pumas UNAM,MEX,2002-03-09
Ecuador,ECU,E,16,FW,Jordy Caicedo,CA Huracán,ARG,1997-11-18
Ecuador,ECU,E,17,DF,Ángelo Preciado,Atlético Mineiro,BRA,1998-02-18
Ecuador,ECU,E,18,MF,Denil Castillo,FC Midtjylland,DEN,2004-03-24
Ecuador,ECU,E,19,FW,Gonzalo Plata,CR Flamengo,BRA,2000-11-01
Ecuador,ECU,E,20,FW,Nilson Angulo,Sunderland AFC,ENG,2003-06-19
Ecuador,ECU,E,21,MF,Alan Franco,Atlético Mineiro,BRA,1998-08-21
Ecuador,ECU,E,22,GK,Gonzalo Valle,LDU Quito,ECU,1996-02-28
Ecuador,ECU,E,23,MF,Moisés Caicedo,Chelsea FC,ENG,2001-11-02
Ecuador,ECU,E,24,FW,Jeremy Arévalo,VfB Stuttgart,GER,2005-03-19
Ecuador,ECU,E,25,DF,Jackson Porozo,Club Tijuana,MEX,2000-08-04
Ecuador,ECU,E,26,DF,Yaimar Medina,KRC Genk,BEL,2004-11-05
Germany,GER,E,1,GK,Manuel Neuer,FC Bayern München,GER,1986-03-27
Germany,GER,E,2,DF,Antonio Rüdiger,Real Madrid C. F.,ESP,1993-03-03
Germany,GER,E,3,DF,Waldemar Anton,Borussia Dortmund,GER,1996-07-20
Germany,GER,E,4,DF,Jonathan Tah,FC Bayern München,GER,1996-02-11
Germany,GER,E,5,MF,Aleksandar Pavlović,FC Bayern München,GER,2004-05-03
Germany,GER,E,6,DF,Joshua Kimmich,FC Bayern München,GER,1995-02-08
Germany,GER,E,7,FW,Kai Havertz,Arsenal FC,ENG,1999-06-11
Germany,GER,E,8,MF,Leon Goretzka,FC Bayern München,GER,1995-02-06
Germany,GER,E,9,MF,Jamie Leweling,VfB Stuttgart,GER,2001-02-26
Germany,GER,E,10,MF,Jamal Musiala,FC Bayern München,GER,2003-02-26
Germany,GER,E,11,FW,Nick Woltemade,Newcastle United FC,ENG,2002-02-14
Germany,GER,E,12,GK,Oliver Baumann,TSG Hoffenheim,GER,1990-06-02
Germany,GER,E,13,MF,Pascal Groß,Brighton & Hove Albion FC,ENG,1991-06-15
Germany,GER,E,14,FW,Maximilian Beier,Borussia Dortmund,GER,2002-10-17
Germany,GER,E,15,DF,Nico Schlotterbeck,Borussia Dortmund,GER,1999-12-01
Germany,GER,E,16,MF,Angelo Stiller,VfB Stuttgart,GER,2001-04-04
Germany,GER,E,17,MF,Florian Wirtz,Liverpool FC,ENG,2003-05-03
Germany,GER,E,18,DF,Nathaniel Brown,Eintracht Frankfurt,GER,2003-06-16
Germany,GER,E,19,MF,Leroy Sané,Galatasaray SK,TUR,1996-01-11
Germany,GER,E,20,MF,Nadiem Amiri,1. FSV Mainz 05,GER,1996-10-27
Germany,GER,E,21,GK,Alexander Nübel,VfB Stuttgart,GER,1996-09-30
Germany,GER,E,22,DF,David Raum,RB Leipzig,GER,1998-04-22
Germany,GER,E,23,MF,Felix Nmecha,Borussia Dortmund,GER,2000-10-10
Germany,GER,E,24,DF,Malick Thiaw,Newcastle United FC,ENG,2001-08-08
Germany,GER,E,25,MF,Assan Ouédraogo,RB Leipzig,GER,2006-05-09
Germany,GER,E,26,FW,Deniz Undav,VfB Stuttgart,GER,1996-07-19
Ivory Coast,CIV,E,1,GK,Yahia Fofana,Çaykur Rizespor,TUR,2000-08-21
Ivory Coast,CIV,E,2,DF,Ousmane Diomande,Sporting CP,POR,2003-12-04
Ivory Coast,CIV,E,3,DF,Ghislain Konan,Gil Vicente FC,POR,1995-12-27
Ivory Coast,CIV,E,4,MF,Jean Michaël Seri,NK Maribor,SVN,1991-07-19
Ivory Coast,CIV,E,5,DF,Wilfried Singo,Galatasaray SK,TUR,2000-12-25
Ivory Coast,CIV,E,6,MF,Seko Fofana,FC Porto,POR,1995-05-07
Ivory Coast,CIV,E,7,DF,Odilon Kossounou,Atalanta Bergamo,ITA,2001-01-04
Ivory Coast,CIV,E,8,MF,Franck Kessié,Al Ahli FC,KSA,1996-12-19
Ivory Coast,CIV,E,9,FW,Ange-Yoan Bonny,FC Internazionale Milano,ITA,2003-10-25
Ivory Coast,CIV,E,10,FW,Simon Adingra,AS Monaco,FRA,2002-01-01
Ivory Coast,CIV,E,11,FW,Yan Diomande,RB Leipzig,GER,2006-11-14
Ivory Coast,CIV,E,12,FW,Elye Wahi,OGC Nice,FRA,2003-01-02
Ivory Coast,CIV,E,13,DF,Christopher Opéri,Başakşehir FK,TUR,1997-04-29
Ivory Coast,CIV,E,14,FW,Oumar Diakité,Cercle Brugge,BEL,2003-12-20
Ivory Coast,CIV,E,15,FW,Amad Diallo,Manchester United FC,ENG,2002-07-11
Ivory Coast,CIV,E,16,GK,Mohamed Koné,Sporting Charleroi,BEL,2002-03-07
Ivory Coast,CIV,E,17,DF,Guéla Doué,RC Strasbourg,FRA,2002-10-17
Ivory Coast,CIV,E,18,MF,Ibrahim Sangaré,Nottingham Forest FC,ENG,1997-12-02
Ivory Coast,CIV,E,19,FW,Nicolas Pépé,Villarreal CF,ESP,1995-05-29
Ivory Coast,CIV,E,20,DF,Emmanuel Agbadou,Beşiktaş JK,TUR,1997-06-17
Ivory Coast,CIV,E,21,DF,Evan Ndicka,AS Roma,ITA,1999-08-20
Ivory Coast,CIV,E,22,FW,Evann Guessand,Crystal Palace FC,ENG,2001-07-01
Ivory Coast,CIV,E,23,GK,Alban Lafont,Panathinaikos FC,GRE,1999-01-23
Ivory Coast,CIV,E,24,FW,Bazoumana Touré,TSG Hoffenheim,GER,2006-03-02
Ivory Coast,CIV,E,25,MF,Parfait Guiagon,Sporting Charleroi,BEL,2001-02-22
Ivory Coast,CIV,E,26,MF,Christ Inao Oulaï,Trabzonspor,TUR,2006-04-06
Japan,JPN,F,1,GK,Zion Suzuki,Parma,ITA,2002-08-21
Japan,JPN,F,2,DF,Yukinari Sugawara,SV Werder Bremen,GER,2000-06-28
Japan,JPN,F,3,DF,Shōgo Taniguchi,Sint-Truiden VV,BEL,1991-07-15
Japan,JPN,F,4,DF,Kō Itakura,AFC Ajax,NED,1997-01-27
Japan,JPN,F,5,DF,Yūto Nagatomo,FC Tokyo,JPN,1986-09-12
Japan,JPN,F,6,MF,Wataru Endo,Borussia Mönchengladbach,GER,1993-02-09
Japan,JPN,F,7,MF,Ao Tanaka,Leeds United FC,ENG,1998-09-10
Japan,JPN,F,8,MF,Takefusa Kubo,Real Sociedad,ESP,2001-06-04
Japan,JPN,F,9,FW,Keisuke Gotō,Sint-Truiden VV,BEL,2005-06-03
Japan,JPN,F,10,MF,Ritsu Dōan,Eintracht Frankfurt,GER,1998-06-16
Japan,JPN,F,11,MF,Daizen Maeda,Celtic FC,SCO,1997-10-20
Japan,JPN,F,12,GK,Keisuke Ōsako,Sanfrecce Hiroshima,JPN,1999-07-28
Japan,JPN,F,13,MF,Keito Nakamura,Stade Reims,FRA,2000-07-28
Japan,JPN,F,14,MF,Junya Itō,KRC Genk,BEL,1993-03-09
Japan,JPN,F,15,MF,Daichi Kamada,Crystal Palace FC,ENG,1996-08-05
Japan,JPN,F,16,DF,Tsuyoshi Watanabe,Feyenoord Rotterdam,NED,1997-02-05
Japan,JPN,F,17,MF,Yuito Suzuki,SC Freiburg,GER,2001-10-25
Japan,JPN,F,18,FW,Ayase Ueda,Feyenoord Rotterdam,NED,1998-08-28
Japan,JPN,F,19,FW,Kōki Ogawa,NEC Nijmegen,NED,1997-08-08
Japan,JPN,F,20,DF,Ayumu Seko,Le Havre AC,FRA,2000-06-07
Japan,JPN,F,21,DF,Hiroki Itō,FC Bayern München,GER,1999-05-12
Japan,JPN,F,22,DF,Takehiro Tomiyasu,AFC Ajax,NED,1998-11-05
Japan,JPN,F,23,GK,Tomoki Hayakawa,Kashima Antlers,JPN,1999-03-03
Japan,JPN,F,24,MF,Kaishū Sano,1. FSV Mainz 05,GER,2000-12-30
Japan,JPN,F,25,DF,Junnosuke Suzuki,FC København,DEN,2003-07-12
Japan,JPN,F,26,FW,Kento Shiogai,VfL Wolfsburg,GER,2005-03-26
Netherlands,NED,F,1,GK,Bart Verbruggen,Brighton & Hove Albion FC,ENG,2002-08-18
Netherlands,NED,F,2,DF,Lutsharel Geertruida,Sunderland AFC,ENG,2000-07-18
Netherlands,NED,F,3,MF,Marten de Roon,Atalanta Bergamo,ITA,1991-03-29
Netherlands,NED,F,4,DF,Virgil van Dijk,Liverpool FC,ENG,1991-07-08
Netherlands,NED,F,5,DF,Nathan Aké,Manchester City FC,ENG,1995-02-18
Netherlands,NED,F,6,DF,Jan Paul van Hecke,Brighton & Hove Albion FC,ENG,2000-06-08
Netherlands,NED,F,7,MF,Justin Kluivert,AFC Bournemouth,ENG,1999-05-05
Netherlands,NED,F,8,MF,Ryan Gravenberch,Liverpool FC,ENG,2002-05-16
Netherlands,NED,F,9,FW,Wout Weghorst,AFC Ajax,NED,1992-08-07
Netherlands,NED,F,10,FW,Memphis Depay,SC Corinthians,BRA,1994-02-13
Netherlands,NED,F,11,FW,Cody Gakpo,Liverpool FC,ENG,1999-05-07
Netherlands,NED,F,12,DF,Mats Wieffer,Brighton & Hove Albion FC,ENG,1999-11-16
Netherlands,NED,F,13,GK,Robin Roefs,Sunderland AFC,ENG,2003-01-17
Netherlands,NED,F,14,MF,Tijjani Reijnders,Manchester City FC,ENG,1998-07-29
Netherlands,NED,F,15,DF,Micky van de Ven,Tottenham Hotspur FC,ENG,2001-04-19
Netherlands,NED,F,16,MF,Guus Til,PSV Eindhoven,NED,1997-12-22
Netherlands,NED,F,17,FW,Noa Lang,Galatasaray SK,TUR,1999-06-17
Netherlands,NED,F,18,FW,Donyell Malen,AS Roma,ITA,1999-01-19
Netherlands,NED,F,19,FW,Brian Brobbey,Sunderland AFC,ENG,2002-02-01
Netherlands,NED,F,20,MF,Teun Koopmeiners,Juventus FC,ITA,1998-02-28
Netherlands,NED,F,21,MF,Frenkie de Jong,FC Barcelona,ESP,1997-05-12
Netherlands,NED,F,22,DF,Denzel Dumfries,FC Internazionale Milano,ITA,1996-04-18
Netherlands,NED,F,23,GK,Mark Flekken,Bayer 04 Leverkusen,GER,1993-06-13
Netherlands,NED,F,24,FW,Crysencio Summerville,West Ham United FC,ENG,2001-10-30
Netherlands,NED,F,25,DF,Jorrel Hato,Chelsea FC,ENG,2006-03-07
Netherlands,NED,F,26,MF,Quinten Timber,Olympique Marseille,FRA,2001-06-17
Sweden,SWE,F,1,GK,Jacob Widell Zetterström,Derby County FC,ENG,1998-07-11
Sweden,SWE,F,2,DF,Gustaf Lagerbielke,SC Braga,POR,2000-04-10
Sweden,SWE,F,3,DF,Victor Lindelöf,Aston Villa FC,ENG,1994-07-17
Sweden,SWE,F,4,DF,Isak Hien,Atalanta Bergamo,ITA,1999-01-13
Sweden,SWE,F,5,DF,Gabriel Gudmundsson,Leeds United FC,ENG,1999-04-29
Sweden,SWE,F,6,DF,Herman Johansson,FC Dallas,USA,1997-10-16
Sweden,SWE,F,7,MF,Lucas Bergvall,Tottenham Hotspur FC,ENG,2006-02-02
Sweden,SWE,F,8,DF,Daniel Svensson,Borussia Dortmund,GER,2002-02-12
Sweden,SWE,F,9,FW,Alexander Isak,Liverpool FC,ENG,1999-09-21
Sweden,SWE,F,10,MF,Benjamin Nygren,Celtic FC,SCO,2001-07-08
Sweden,SWE,F,11,FW,Anthony Elanga,Newcastle United FC,ENG,2002-04-27
Sweden,SWE,F,12,GK,Viktor Johansson,Stoke City FC,ENG,1998-09-14
Sweden,SWE,F,13,MF,Ken Sema,Pafos FC,CYP,1993-09-30
Sweden,SWE,F,14,DF,Hjalmar Ekdal,Burnley FC,ENG,1998-10-21
Sweden,SWE,F,15,DF,Carl Starfelt,RC Celta Vigo,ESP,1995-06-01
Sweden,SWE,F,16,MF,Jesper Karlström,Udinese,ITA,1995-06-21
Sweden,SWE,F,17,FW,Viktor Gyökeres,Arsenal FC,ENG,1998-06-04
Sweden,SWE,F,18,MF,Yasin Ayari,Brighton & Hove Albion FC,ENG,2003-10-06
Sweden,SWE,F,19,MF,Mattias Svanberg,VfL Wolfsburg,GER,1999-01-05
Sweden,SWE,F,20,DF,Eric Smith,FC St. Pauli,GER,1997-01-08
Sweden,SWE,F,21,DF,Alexander Bernhardsson,Holstein Kiel,GER,1998-09-08
Sweden,SWE,F,22,MF,Besfort Zeneli,Royale Union Saint-Gilloise,BEL,2002-11-21
Sweden,SWE,F,23,GK,Kristoffer Nordfeldt,AIK Stockholm,SWE,1989-06-23
Sweden,SWE,F,24,DF,Elliot Stroud,Mjällby AIF,SWE,2002-06-22
Sweden,SWE,F,25,FW,Gustaf Nilsson,Club Brugge,BEL,1997-05-23
Sweden,SWE,F,26,FW,Taha Ali,Malmö FF,SWE,1998-07-01
Tunisia,TUN,F,1,GK,Mouhib Chamakh,Club Africain,TUN,2001-08-25
Tunisia,TUN,F,2,DF,Ali Abdi,OGC Nice,FRA,1993-12-20
Tunisia,TUN,F,3,DF,Montassar Talbi,FC Lorient,FRA,1998-05-26
Tunisia,TUN,F,4,DF,Omar Rekik,NK Maribor,SVN,2001-12-20
Tunisia,TUN,F,5,DF,Adem Arous,Kasımpaşa SK,TUR,2004-07-17
Tunisia,TUN,F,6,DF,Dylan Bronn,Servette FC,SUI,1995-06-19
Tunisia,TUN,F,7,FW,Elias Achouri,FC København,DEN,1999-02-10
Tunisia,TUN,F,8,FW,Elias Saad,Hannover 96,GER,1999-12-27
Tunisia,TUN,F,9,FW,Hazem Mastouri,FC Dynamo Makhachkala,RUS,1997-06-18
Tunisia,TUN,F,10,MF,Hannibal Mejbri,Burnley FC,ENG,2003-01-21
Tunisia,TUN,F,11,MF,Ismaël Gharbi,FC Augsburg,GER,2004-04-10
Tunisia,TUN,F,12,DF,Mortadha Ben Ouanes,Kasımpaşa SK,TUR,1994-07-02
Tunisia,TUN,F,13,MF,Rani Khedira,1. FC Union Berlin,GER,1994-01-27
Tunisia,TUN,F,14,MF,Khalil Ayari,Paris Saint-Germain,FRA,2005-02-02
Tunisia,TUN,F,15,MF,Hadj Mahmoud,FC Lugano,SUI,2000-04-24
Tunisia,TUN,F,16,GK,Aymen Dahmen,CS Sfaxien,TUN,1997-01-28
Tunisia,TUN,F,17,MF,Ellyes Skhiri,Eintracht Frankfurt,GER,1995-05-10
Tunisia,TUN,F,18,FW,Rayan Elloumi,Vancouver Whitecaps FC,CAN,2007-09-17
Tunisia,TUN,F,19,FW,Firas Chaouat,Club Africain,TUN,1996-05-08
Tunisia,TUN,F,20,DF,Yan Valery,BSC Young Boys,SUI,1999-02-22
Tunisia,TUN,F,21,DF,Mohamed Amine Ben Hamida,Espérance De Tunisie,TUN,1995-12-15
Tunisia,TUN,F,22,GK,Sabri Ben Hessen,Étoile Du Sahel,TUN,1996-06-13
Tunisia,TUN,F,23,DF,Moutaz Neffati,IFK Norrköping FK,SWE,2004-09-04
Tunisia,TUN,F,24,DF,Raed Chikhaoui,US Monastir,TUN,2004-06-09
Tunisia,TUN,F,25,MF,Anis Ben Slimane,Norwich City FC,ENG,2001-03-16
Tunisia,TUN,F,26,MF,Sebastian Tounekti,Celtic FC,SCO,2002-07-13
Belgium,BEL,G,1,GK,Thibaut Courtois,Real Madrid C. F.,ESP,1992-05-11
Belgium,BEL,G,2,DF,Zeno Debast,Sporting CP,POR,2003-10-24
Belgium,BEL,G,3,DF,Arthur Theate,Eintracht Frankfurt,GER,2000-05-25
Belgium,BEL,G,4,DF,Brandon Mechele,Club Brugge,BEL,1993-01-28
Belgium,BEL,G,5,DF,Maxim De Cuyper,Brighton & Hove Albion FC,ENG,2000-12-22
Belgium,BEL,G,6,MF,Axel Witsel,Girona FC,ESP,1989-01-12
Belgium,BEL,G,7,MF,Kevin De Bruyne,SSC Napoli,ITA,1991-06-28
Belgium,BEL,G,8,MF,Youri Tielemans,Aston Villa FC,ENG,1997-05-07
Belgium,BEL,G,9,FW,Romelu Lukaku,SSC Napoli,ITA,1993-05-13
Belgium,BEL,G,10,FW,Leandro Trossard,Arsenal FC,ENG,1994-12-04
Belgium,BEL,G,11,FW,Jérémy Doku,Manchester City FC,ENG,2002-05-27
Belgium,BEL,G,12,GK,Senne Lammens,Manchester United FC,ENG,2002-07-07
Belgium,BEL,G,13,GK,Mike Penders,RC Strasbourg,FRA,2005-07-31
Belgium,BEL,G,14,FW,Dodi Lukébakio,SL Benfica,POR,1997-09-24
Belgium,BEL,G,15,DF,Thomas Meunier,Lille OSC,FRA,1991-09-12
Belgium,BEL,G,16,DF,Koni De Winter,AC Milan,ITA,2002-06-12
Belgium,BEL,G,17,FW,Charles De Ketelaere,Atalanta Bergamo,ITA,2001-03-10
Belgium,BEL,G,18,DF,Joaquin Seys,Club Brugge,BEL,2005-03-28
Belgium,BEL,G,19,MF,Diego Moreira,RC Strasbourg,FRA,2004-08-06
Belgium,BEL,G,20,MF,Hans Vanaken,Club Brugge,BEL,1992-08-24
Belgium,BEL,G,21,DF,Timothy Castagne,Fulham FC,ENG,1995-12-05
Belgium,BEL,G,22,MF,Alexis Saelemaekers,AC Milan,ITA,1999-06-27
Belgium,BEL,G,23,MF,Nicolas Raskin,Rangers FC,SCO,2001-02-23
Belgium,BEL,G,24,MF,Amadou Onana,Aston Villa FC,ENG,2001-08-16
Belgium,BEL,G,25,DF,Nathan Ngoy,Lille OSC,FRA,2003-06-10
Belgium,BEL,G,26,FW,Matias Fernandez-Pardo,Lille OSC,FRA,2005-02-03
Egypt,EGY,G,1,GK,Mohamed El Shenawy,Al Ahly FC,EGY,1988-12-18
Egypt,EGY,G,2,DF,Yasser Ibrahim,Al Ahly FC,EGY,1993-02-10
Egypt,EGY,G,3,DF,Mohamed Hany,Al Ahly FC,EGY,1996-02-02
Egypt,EGY,G,4,DF,Hossam Abdelmaguid,Zamalek SC,EGY,2001-04-30
Egypt,EGY,G,5,DF,Ramy Rabia,Al Ain FC,UAE,1993-05-20
Egypt,EGY,G,6,DF,Mohamed Abdelmonem,OGC Nice,FRA,1999-02-01
Egypt,EGY,G,7,FW,Trézéguet,Al Ahly FC,EGY,1994-10-01
Egypt,EGY,G,8,MF,Emam Ashour,Al Ahly FC,EGY,1998-02-20
Egypt,EGY,G,9,FW,Hamza Abdelkarim,FC Barcelona,ESP,2008-01-01
Egypt,EGY,G,10,FW,Mohamed Salah,Liverpool FC,ENG,1992-06-15
Egypt,EGY,G,11,MF,Mostafa Ziko,Pyramids FC,EGY,1997-04-27
Egypt,EGY,G,12,FW,Haissem Hassan,Real Oviedo,ESP,2002-02-08
Egypt,EGY,G,13,DF,Ahmed Fatouh,Zamalek SC,EGY,1998-03-22
Egypt,EGY,G,14,MF,Hamdy Fathy,Al Wakrah SC,QAT,1994-09-29
Egypt,EGY,G,15,DF,Karim Hafez,Pyramids FC,EGY,1996-03-12
Egypt,EGY,G,16,GK,El Mahdy Soliman,Zamalek SC,EGY,1987-06-08
Egypt,EGY,G,17,MF,Mohanad Lasheen,Pyramids FC,EGY,1996-05-29
Egypt,EGY,G,18,MF,Nabil Emad,Al Najmah SC,KSA,1996-04-06
Egypt,EGY,G,19,MF,Marwan Attia,Al Ahly FC,EGY,1998-08-01
Egypt,EGY,G,20,FW,Ibrahim Adel,FC Nordsjælland,DEN,2001-04-23
Egypt,EGY,G,21,MF,Mahmoud Saber,ZED FC,EGY,2001-07-30
Egypt,EGY,G,22,FW,Omar Marmoush,Manchester City FC,ENG,1999-02-07
Egypt,EGY,G,23,GK,Mostafa Shobeir,Al Ahly FC,EGY,2000-05-15
Egypt,EGY,G,24,DF,Tarek Alaa,ZED FC,EGY,2002-01-05
Egypt,EGY,G,25,FW,Zizo,Al Ahly FC,EGY,1996-01-10
Egypt,EGY,G,26,GK,Mohamed Alaa,El Gouna FC,EGY,1999-01-01
Iran,IRN,G,1,GK,Alireza Beiranvand,Tractor Sazi Tabriz FC,IRN,1992-09-21
Iran,IRN,G,2,DF,Saleh Hardani,Esteghlal Tehran FC,IRN,1998-12-26
Iran,IRN,G,3,DF,Ehsan Hajsafi,Sepahan SC,IRN,1990-02-25
Iran,IRN,G,4,DF,Shojae Khalilzadeh,Tractor Sazi Tabriz FC,IRN,1989-05-14
Iran,IRN,G,5,DF,Milad Mohammadi,Persepolis FC,IRN,1993-09-29
Iran,IRN,G,6,MF,Saeid Ezatolahi,Shabab Al Ahli Club,UAE,1996-10-01
Iran,IRN,G,7,MF,Alireza Jahanbakhsh,FCV Dender EH,BEL,1993-08-11
Iran,IRN,G,8,MF,Mohammad Mohebi,FC Rostov,RUS,1998-12-20
Iran,IRN,G,9,FW,Mehdi Taremi,Olympiacos FC,GRE,1992-07-18
Iran,IRN,G,10,FW,Mehdi Ghayedi,Al Nasr SC,UAE,1998-12-05
Iran,IRN,G,11,FW,Ali Alipour,Persepolis FC,IRN,1995-11-11
Iran,IRN,G,12,GK,Payam Niazmand,Persepolis FC,IRN,1995-04-06
Iran,IRN,G,13,DF,Hossein Kanaanizadegan,Persepolis FC,IRN,1994-03-23
Iran,IRN,G,14,MF,Saman Ghoddos,Al Ittihad Kalba SCC,UAE,1993-09-06
Iran,IRN,G,15,MF,Rouzbeh Cheshmi,Esteghlal Tehran FC,IRN,1993-07-24
Iran,IRN,G,16,MF,Mehdi Torabi,Tractor Sazi Tabriz FC,IRN,1994-09-10
Iran,IRN,G,17,DF,Aria Yousefi,Sepahan SC,IRN,2002-04-22
Iran,IRN,G,18,FW,Amirhossein Hosseinzadeh,Tractor Sazi Tabriz FC,IRN,2000-10-30
Iran,IRN,G,19,DF,Ali Nemati,Foolad Khuzestan FC,IRN,1996-02-08
Iran,IRN,G,20,FW,Shahriyar Moghanlou,Al Ittihad Kalba SCC,UAE,1994-12-21
Iran,IRN,G,21,MF,Mohammad Ghorbani,Al Wahda SC,UAE,2001-10-07
Iran,IRN,G,22,GK,Hossein Hosseini,Sepahan SC,IRN,1992-06-30
Iran,IRN,G,23,DF,Ramin Rezaeian,Foolad Khuzestan FC,IRN,1990-03-21
Iran,IRN,G,24,FW,Dennis Eckert,Standard Liège,BEL,1997-01-09
Iran,IRN,G,25,DF,Danial Eiri,Malavan Anzali FC,IRN,2003-10-26
Iran,IRN,G,26,MF,Amirmohammad Razzaghinia,Esteghlal Tehran FC,IRN,2006-04-11
New Zealand,NZL,G,1,GK,Max Crocombe,Millwall FC,ENG,1993-08-12
New Zealand,NZL,G,2,DF,Tim Payne,Wellington Phoenix FC,NZL,1994-01-10
New Zealand,NZL,G,3,DF,Francis de Vries,Auckland FC,NZL,1994-11-28
New Zealand,NZL,G,4,DF,Tyler Bindon,Sheffield United FC,ENG,2005-01-27
New Zealand,NZL,G,5,DF,Michael Boxall,Minnesota United FC,USA,1988-08-18
New Zealand,NZL,G,6,MF,Joe Bell,Viking Stavanger,NOR,1999-04-27
New Zealand,NZL,G,7,MF,Matthew Garbett,Peterborough United FC,ENG,2002-04-13
New Zealand,NZL,G,8,MF,Marko Stamenić,Swansea City AFC,WAL,2002-02-19
New Zealand,NZL,G,9,FW,Chris Wood,Nottingham Forest FC,ENG,1991-12-07
New Zealand,NZL,G,10,MF,Sarpreet Singh,Wellington Phoenix FC,NZL,1999-02-20
New Zealand,NZL,G,11,MF,Elijah Just,Motherwell FC,SCO,2000-05-01
New Zealand,NZL,G,12,GK,Alex Paulsen,Lechia Gdańsk,POL,2002-07-04
New Zealand,NZL,G,13,DF,Liberato Cacace,Wrexham AFC,WAL,2000-09-27
New Zealand,NZL,G,14,MF,Alex Rufer,Wellington Phoenix FC,NZL,1996-06-12
New Zealand,NZL,G,15,DF,Nando Pijnaker,Auckland FC,NZL,1999-02-25
New Zealand,NZL,G,16,DF,Finn Surman,Portland Timbers,USA,2003-09-23
New Zealand,NZL,G,17,FW,Kosta Barbarouses,WS Wanderers FC,AUS,1990-02-19
New Zealand,NZL,G,18,FW,Ben Waine,Port Vale FC,ENG,2001-06-11
New Zealand,NZL,G,19,MF,Ben Old,AS Saint-Etienne,FRA,2002-08-13
New Zealand,NZL,G,20,MF,Callum McCowatt,Silkeborg IF,DEN,1999-04-30
New Zealand,NZL,G,21,FW,Jesse Randall,Auckland FC,NZL,2002-08-19
New Zealand,NZL,G,22,GK,Michael Woud,Auckland FC,NZL,1999-01-16
New Zealand,NZL,G,23,MF,Ryan Thomas,PEC Zwolle,NED,1994-12-20
New Zealand,NZL,G,24,DF,Callan Elliot,Auckland FC,NZL,1999-07-07
New Zealand,NZL,G,25,MF,Lachlan Bayliss,Newcastle United Jets FC,AUS,2002-07-24
New Zealand,NZL,G,26,DF,Tommy Smith,Braintree Town FC,ENG,1990-03-31
Cape Verde,CPV,H,1,GK,Vozinha,GD Chaves,POR,1986-06-03
Cape Verde,CPV,H,2,DF,Stopira,SCU Torreense,POR,1988-05-20
Cape Verde,CPV,H,3,DF,Diney,Al Bataeh Club,UAE,1995-01-17
Cape Verde,CPV,H,4,DF,Roberto Lopes,Shamrock Rovers FC,IRL,1992-06-17
Cape Verde,CPV,H,5,DF,Logan Costa,Villarreal CF,ESP,2001-04-01
Cape Verde,CPV,H,6,MF,Kevin Pina,FC Krasnodar,RUS,1997-01-27
Cape Verde,CPV,H,7,MF,Jovane Cabral,CF Estrela Da Amadora,POR,1998-06-14
Cape Verde,CPV,H,8,MF,João Paulo,FC FCSB,ROU,1998-05-26
Cape Verde,CPV,H,9,FW,Gilson Benchimol,FC Akron Tolyatti,RUS,2001-12-29
Cape Verde,CPV,H,10,MF,Jamiro Monteiro,PEC Zwolle,NED,1993-11-23
Cape Verde,CPV,H,11,MF,Garry Rodrigues,Apollon Limassol,CYP,1990-11-27
Cape Verde,CPV,H,12,GK,Márcio Rosa,PFC Montana,BUL,1997-02-23
Cape Verde,CPV,H,13,DF,Sidny Lopes Cabral,SL Benfica,POR,2002-09-18
Cape Verde,CPV,H,14,MF,Deroy Duarte,PFC Ludogorets Razgrad,BUL,1999-07-04
Cape Verde,CPV,H,15,MF,Laros Duarte,Puskás Akadémia FC,HUN,1997-02-28
Cape Verde,CPV,H,16,MF,Yannick Semedo,SC Farense,POR,1995-12-29
Cape Verde,CPV,H,17,MF,Willy Semedo,AC Omonia,CYP,1994-04-27
Cape Verde,CPV,H,18,MF,Telmo Arcanjo,Vitória SC,POR,2001-06-21
Cape Verde,CPV,H,19,FW,Dailon Livramento,Casa Pia AC,POR,2001-05-04
Cape Verde,CPV,H,20,FW,Ryan Mendes,Iğdır FK,TUR,1990-01-08
Cape Verde,CPV,H,21,MF,Nuno da Costa,Başakşehir FK,TUR,1991-02-10
Cape Verde,CPV,H,22,DF,Steven Moreira,Columbus Crew,USA,1994-08-13
Cape Verde,CPV,H,23,GK,CJ dos Santos,San Diego FC,USA,2000-08-24
Cape Verde,CPV,H,24,DF,Wagner Pina,Trabzonspor,TUR,2002-11-03
Cape Verde,CPV,H,25,DF,Kelvin Pires,SJK,FIN,2000-06-05
Cape Verde,CPV,H,26,MF,Hélio Varela,Maccabi Tel-Aviv FC,ISR,2002-05-03
Saudi Arabia,KSA,H,1,GK,Nawaf Al-Aqidi,Al Nassr FC,KSA,2000-05-10
Saudi Arabia,KSA,H,2,DF,Ali Majrashi,Al Ahli FC,KSA,1999-10-02
Saudi Arabia,KSA,H,3,DF,Ali Lajami,Al Hilal SC,KSA,1996-04-24
Saudi Arabia,KSA,H,4,DF,Abdulelah Al-Amri,Al Nassr FC,KSA,1997-01-15
Saudi Arabia,KSA,H,5,DF,Hassan Al-Tambakti,Al Hilal SC,KSA,1999-02-09
Saudi Arabia,KSA,H,6,MF,Nasser Al-Dawsari,Al Hilal SC,KSA,1998-12-19
Saudi Arabia,KSA,H,7,MF,Musab Al-Juwayr,Al Qadsiah FC,KSA,2003-06-20
Saudi Arabia,KSA,H,8,FW,Ayman Yahya,Al Nassr FC,KSA,2001-05-14
Saudi Arabia,KSA,H,9,FW,Firas Al-Buraikan,Al Ahli FC,KSA,2000-05-14
Saudi Arabia,KSA,H,10,FW,Salem Al-Dawsari,Al Hilal SC,KSA,1991-08-19
Saudi Arabia,KSA,H,11,FW,Saleh Al-Shehri,Al Ittihad,KSA,1993-11-01
Saudi Arabia,KSA,H,12,DF,Saud Abdulhamid,RC Lens,FRA,1999-07-18
Saudi Arabia,KSA,H,13,DF,Nawaf Boushal,Al Nassr FC,KSA,1999-09-16
Saudi Arabia,KSA,H,14,DF,Hassan Kadesh,Al Ittihad,KSA,1992-09-26
Saudi Arabia,KSA,H,15,MF,Abdullah Al-Khaibari,Al Nassr FC,KSA,1996-08-16
Saudi Arabia,KSA,H,16,MF,Ziyad Al-Johani,Al Ahli FC,KSA,2001-11-11
Saudi Arabia,KSA,H,17,FW,Khalid Al-Ghannam,Al Ettifaq FC,KSA,2000-11-08
Saudi Arabia,KSA,H,18,MF,Alaa Al-Hejji,Neom SC,KSA,1995-12-03
Saudi Arabia,KSA,H,19,FW,Abdullah Al-Hamdan,Al Nassr FC,KSA,1999-09-13
Saudi Arabia,KSA,H,20,FW,Sultan Mandash,Al Hilal SC,KSA,1994-10-17
Saudi Arabia,KSA,H,21,GK,Mohammed Al-Owais,Al Ula Saudi FC,KSA,1991-10-10
Saudi Arabia,KSA,H,22,GK,Ahmed Al-Kassar,Al Qadsiah FC,KSA,1991-05-08
Saudi Arabia,KSA,H,23,MF,Mohamed Kanno,Al Hilal SC,KSA,1994-09-22
Saudi Arabia,KSA,H,24,DF,Moteb Al-Harbi,Al Hilal SC,KSA,2000-02-20
Saudi Arabia,KSA,H,25,DF,Jehad Thakri,Al Qadsiah FC,KSA,2001-07-21
Saudi Arabia,KSA,H,26,DF,Mohammed Abu Al-Shamat,Al Qadsiah FC,KSA,2002-08-11
Spain,ESP,H,1,GK,David Raya,Arsenal FC,ENG,1995-09-15
Spain,ESP,H,2,DF,Marc Pubill,Atlético De Madrid,ESP,2003-06-20
Spain,ESP,H,3,DF,Álex Grimaldo,Bayer 04 Leverkusen,GER,1995-09-20
Spain,ESP,H,4,DF,Eric García,FC Barcelona,ESP,2001-01-09
Spain,ESP,H,5,DF,Marcos Llorente,Atlético De Madrid,ESP,1995-01-30
Spain,ESP,H,6,MF,Mikel Merino,Arsenal FC,ENG,1996-06-22
Spain,ESP,H,7,FW,Ferran Torres,FC Barcelona,ESP,2000-02-29
Spain,ESP,H,8,MF,Fabián Ruiz,Paris Saint-Germain,FRA,1996-04-03
Spain,ESP,H,9,MF,Gavi,FC Barcelona,ESP,2004-08-05
Spain,ESP,H,10,FW,Dani Olmo,FC Barcelona,ESP,1998-05-07
Spain,ESP,H,11,FW,Yéremy Pino,Crystal Palace FC,ENG,2002-10-20
Spain,ESP,H,12,DF,Pedro Porro,Tottenham Hotspur FC,ENG,1999-09-13
Spain,ESP,H,13,GK,Joan Garcia,FC Barcelona,ESP,2001-05-04
Spain,ESP,H,14,DF,Aymeric Laporte,Athletic Club,ESP,1994-05-27
Spain,ESP,H,15,MF,Álex Baena,Atlético De Madrid,ESP,2001-07-20
Spain,ESP,H,16,MF,Rodri,Manchester City FC,ENG,1996-06-22
Spain,ESP,H,17,FW,Nico Williams,Athletic Club,ESP,2002-07-12
Spain,ESP,H,18,MF,Martín Zubimendi,Arsenal FC,ENG,1999-02-02
Spain,ESP,H,19,FW,Lamine Yamal,FC Barcelona,ESP,2007-07-13
Spain,ESP,H,20,MF,Pedri,FC Barcelona,ESP,2002-11-25
Spain,ESP,H,21,FW,Mikel Oyarzabal,Real Sociedad,ESP,1997-04-21
Spain,ESP,H,22,DF,Pau Cubarsí,FC Barcelona,ESP,2007-01-22
Spain,ESP,H,23,GK,Unai Simón,Athletic Club,ESP,1997-06-11
Spain,ESP,H,24,DF,Marc Cucurella,Chelsea FC,ENG,1998-07-22
Spain,ESP,H,25,FW,Víctor Muñoz,CA Osasuna,ESP,2003-07-13
Spain,ESP,H,26,FW,Borja Iglesias,RC Celta Vigo,ESP,1993-01-17
Uruguay,URU,H,1,GK,Sergio Rochet,SC Internacional,BRA,1993-03-23
Uruguay,URU,H,2,DF,José Giménez,Atlético De Madrid,ESP,1995-01-20
Uruguay,URU,H,3,DF,Sebastián Cáceres,Club América,MEX,1999-08-18
Uruguay,URU,H,4,DF,Ronald Araújo,FC Barcelona,ESP,1999-03-07
Uruguay,URU,H,5,MF,Manuel Ugarte,Manchester United FC,ENG,2001-04-11
Uruguay,URU,H,6,MF,Rodrigo Bentancur,Tottenham Hotspur FC,ENG,1997-06-25
Uruguay,URU,H,7,MF,Nicolás de la Cruz,CR Flamengo,BRA,1997-06-01
Uruguay,URU,H,8,MF,Federico Valverde,Real Madrid C. F.,ESP,1998-07-22
Uruguay,URU,H,9,FW,Darwin Núñez,Al Hilal SC,KSA,1999-06-24
Uruguay,URU,H,10,MF,Giorgian de Arrascaeta,CR Flamengo,BRA,1994-06-01
Uruguay,URU,H,11,FW,Facundo Pellistri,Panathinaikos FC,GRE,2001-12-20
Uruguay,URU,H,12,GK,Santiago Mele,CF Monterrey,MEX,1997-09-06
Uruguay,URU,H,13,DF,Guillermo Varela,CR Flamengo,BRA,1993-03-24
Uruguay,URU,H,14,MF,Agustín Canobbio,Fluminense FC,BRA,1998-10-01
Uruguay,URU,H,15,MF,Emiliano Martínez,SE Palmeiras,BRA,1999-08-17
Uruguay,URU,H,16,DF,Mathías Olivera,SSC Napoli,ITA,1997-10-31
Uruguay,URU,H,17,DF,Matías Viña,CA River Plate,ARG,1997-11-09
Uruguay,URU,H,18,FW,Brian Rodríguez,Club América,MEX,2000-05-20
Uruguay,URU,H,19,FW,Rodrigo Aguirre,Tigres UANL,MEX,1994-10-01
Uruguay,URU,H,20,MF,Maximiliano Araújo,Sporting CP,POR,2000-02-15
Uruguay,URU,H,21,FW,Federico Viñas,Real Oviedo,ESP,1998-06-30
Uruguay,URU,H,22,MF,Joaquín Piquerez,SE Palmeiras,BRA,1998-08-24
Uruguay,URU,H,23,GK,Fernando Muslera,Estudiantes LP,ARG,1986-06-16
Uruguay,URU,H,24,DF,Santiago Bueno,Wolverhampton Wanderers FC,ENG,1998-11-09
Uruguay,URU,H,25,MF,Juan Manuel Sanabria,Real Salt Lake,USA,2000-03-29
Uruguay,URU,H,26,MF,Rodrigo Zalazar,SC Braga,POR,1999-08-12
France,FRA,I,1,GK,Brice Samba,Stade Rennais FC,FRA,1994-04-25
France,FRA,I,2,DF,Malo Gusto,Chelsea FC,ENG,2003-05-19
France,FRA,I,3,DF,Lucas Digne,Aston Villa FC,ENG,1993-07-20
France,FRA,I,4,DF,Dayot Upamecano,FC Bayern München,GER,1998-10-27
France,FRA,I,5,DF,Jules Koundé,FC Barcelona,ESP,1998-11-12
France,FRA,I,6,MF,Manu Koné,AS Roma,ITA,2001-05-17
France,FRA,I,7,FW,Ousmane Dembélé,Paris Saint-Germain,FRA,1997-05-15
France,FRA,I,8,MF,Aurélien Tchouaméni,Real Madrid C. F.,ESP,2000-01-27
France,FRA,I,9,FW,Marcus Thuram,FC Internazionale Milano,ITA,1997-08-06
France,FRA,I,10,FW,Kylian Mbappé,Real Madrid C. F.,ESP,1998-12-20
France,FRA,I,11,FW,Michael Olise,FC Bayern München,GER,2001-12-12
France,FRA,I,12,FW,Bradley Barcola,Paris Saint-Germain,FRA,2002-09-02
France,FRA,I,13,MF,N'Golo Kanté,Fenerbahçe SK,TUR,1991-03-29
France,FRA,I,14,MF,Adrien Rabiot,AC Milan,ITA,1995-04-03
France,FRA,I,15,DF,Ibrahima Konaté,Liverpool FC,ENG,1999-05-25
France,FRA,I,16,GK,Mike Maignan,AC Milan,ITA,1995-07-03
France,FRA,I,17,DF,William Saliba,Arsenal FC,ENG,2001-03-24
France,FRA,I,18,MF,Warren Zaïre-Emery,Paris Saint-Germain,FRA,2006-03-08
France,FRA,I,19,DF,Théo Hernandez,Al Hilal SC,KSA,1997-10-06
France,FRA,I,20,FW,Désiré Doué,Paris Saint-Germain,FRA,2005-06-03
France,FRA,I,21,DF,Lucas Hernandez,Paris Saint-Germain,FRA,1996-02-14
France,FRA,I,22,FW,Jean-Philippe Mateta,Crystal Palace FC,ENG,1997-06-28
France,FRA,I,23,GK,Robin Risser,RC Lens,FRA,2004-12-02
France,FRA,I,24,MF,Rayan Cherki,Manchester City FC,ENG,2003-08-17
France,FRA,I,25,MF,Maghnes Akliouche,AS Monaco,FRA,2002-02-25
France,FRA,I,26,DF,Maxence Lacroix,Crystal Palace FC,ENG,2000-04-06
Iraq,IRQ,I,1,GK,Fahad Talib,Al Talaba SC,IRQ,1994-10-21
Iraq,IRQ,I,2,DF,Rebin Sulaka,Port FC,THA,1992-04-12
Iraq,IRQ,I,3,DF,Hussein Ali,Pogoń Szczecin,POL,2002-03-01
Iraq,IRQ,I,4,DF,Zaid Tahseen,Pakhtakor Tashkent FK,UZB,2001-01-29
Iraq,IRQ,I,5,DF,Akam Hashim,Al Zawra'a SC,IRQ,1998-08-16
Iraq,IRQ,I,6,DF,Manaf Younis,Al Shorta SC,IRQ,1996-11-16
Iraq,IRQ,I,7,MF,Youssef Amyn,AEK Larnaca FC,CYP,2003-08-21
Iraq,IRQ,I,8,MF,Ibrahim Bayesh,Al Dhafra SCC,UAE,2000-05-01
Iraq,IRQ,I,9,FW,Ali Al-Hamadi,Luton Town FC,ENG,2002-03-01
Iraq,IRQ,I,10,FW,Mohanad Ali,Dibba FC,UAE,2000-06-20
Iraq,IRQ,I,11,FW,Ahmed Qasem,Nashville SC,USA,2003-07-12
Iraq,IRQ,I,12,GK,Jalal Hassan,Al Zawra'a SC,IRQ,1991-05-18
Iraq,IRQ,I,13,FW,Ali Yousif,Al Talaba SC,IRQ,1996-01-19
Iraq,IRQ,I,14,MF,Zidane Iqbal,FC Utrecht,NED,2003-04-27
Iraq,IRQ,I,15,DF,Ahmed Maknzi,Al Karma SC,IRQ,2001-09-24
Iraq,IRQ,I,16,MF,Amir Al-Ammari,KS Cracovia,POL,1997-07-27
Iraq,IRQ,I,17,FW,Ali Jasim,Al Najmah SC,KSA,2004-01-20
Iraq,IRQ,I,18,FW,Aymen Hussein,Al Karma SC,IRQ,1996-03-22
Iraq,IRQ,I,19,MF,Kevin Yakob,Aarhus GF,DEN,2000-10-10
Iraq,IRQ,I,20,MF,Aimar Sher,Sarpsborg 08 FF,NOR,2002-12-20
Iraq,IRQ,I,21,FW,Marko Farji,Venezia FC,ITA,2004-03-16
Iraq,IRQ,I,22,GK,Ahmed Basil,Al Shorta SC,IRQ,1996-08-19
Iraq,IRQ,I,23,DF,Merchas Doski,FC Viktoria Plzeň,CZE,1999-12-07
Iraq,IRQ,I,24,MF,Zaid Ismail,Al Talaba SC,IRQ,2002-01-03
Iraq,IRQ,I,25,DF,Mustafa Saadoon,Al Shorta SC,IRQ,2001-05-25
Iraq,IRQ,I,26,DF,Frans Putros,Persib Bandung,IDN,1993-07-14
Norway,NOR,I,1,GK,Ørjan Nyland,Sevilla FC,ESP,1990-09-10
Norway,NOR,I,2,MF,Morten Thorsby,US Cremonese,ITA,1996-05-05
Norway,NOR,I,3,DF,Kristoffer Ajer,Brentford FC,ENG,1998-04-17
Norway,NOR,I,4,DF,Leo Østigård,Genoa CFC,ITA,1999-11-28
Norway,NOR,I,5,DF,David Møller Wolfe,Wolverhampton Wanderers FC,ENG,2002-04-23
Norway,NOR,I,6,MF,Patrick Berg,FK Bodø/Glimt,NOR,1997-11-24
Norway,NOR,I,7,FW,Alexander Sørloth,Atlético De Madrid,ESP,1995-12-05
Norway,NOR,I,8,MF,Sander Berge,Fulham FC,ENG,1998-02-14
Norway,NOR,I,9,FW,Erling Haaland,Manchester City FC,ENG,2000-07-21
Norway,NOR,I,10,MF,Martin Ødegaard,Arsenal FC,ENG,1998-12-17
Norway,NOR,I,11,FW,Jørgen Strand Larsen,Crystal Palace FC,ENG,2000-02-06
Norway,NOR,I,12,GK,Sander Tangvik,Hamburger SV,GER,2002-11-29
Norway,NOR,I,13,GK,Egil Selvik,Watford FC,ENG,1997-07-30
Norway,NOR,I,14,MF,Fredrik Aursnes,SL Benfica,POR,1995-12-10
Norway,NOR,I,15,DF,Fredrik André Bjørkan,FK Bodø/Glimt,NOR,1998-08-21
Norway,NOR,I,16,DF,Marcus Holmgren Pedersen,Torino FC,ITA,2000-07-16
Norway,NOR,I,17,DF,Torbjørn Heggem,Bologna FC,ITA,1999-01-12
Norway,NOR,I,18,MF,Kristian Thorstvedt,US Sassuolo,ITA,1999-03-13
Norway,NOR,I,19,MF,Thelo Aasgaard,Rangers FC,SCO,2002-05-02
Norway,NOR,I,20,FW,Antonio Nusa,RB Leipzig,GER,2005-04-17
Norway,NOR,I,21,MF,Andreas Schjelderup,SL Benfica,POR,2004-06-01
Norway,NOR,I,22,MF,Oscar Bobb,Fulham FC,ENG,2003-07-12
Norway,NOR,I,23,MF,Jens Petter Hauge,FK Bodø/Glimt,NOR,1999-10-12
Norway,NOR,I,24,DF,Sondre Langås,Derby County FC,ENG,2001-02-02
Norway,NOR,I,25,DF,Henrik Falchener,Viking Stavanger,NOR,2003-05-08
Norway,NOR,I,26,FW,Julian Ryerson,Borussia Dortmund,GER,1997-11-17
Senegal,SEN,I,1,GK,Yehvann Diouf,OGC Nice,FRA,1999-11-16
Senegal,SEN,I,2,DF,Mamadou Sarr,Chelsea FC,ENG,2005-08-29
Senegal,SEN,I,3,DF,Kalidou Koulibaly,Al Hilal SC,KSA,1991-06-20
Senegal,SEN,I,4,DF,Abdoulaye Seck,Maccabi Haifa FC,ISR,1992-06-04
Senegal,SEN,I,5,MF,Idrissa Gueye,Everton FC,ENG,1989-09-26
Senegal,SEN,I,6,MF,Pathé Ciss,Rayo Vallecano,ESP,1994-03-16
Senegal,SEN,I,7,FW,Assane Diao,Como,ITA,2005-09-07
Senegal,SEN,I,8,MF,Lamine Camara,AS Monaco,FRA,2004-01-01
Senegal,SEN,I,9,FW,Bamba Dieng,FC Lorient,FRA,2000-03-23
Senegal,SEN,I,10,FW,Sadio Mané,Al Nassr FC,KSA,1992-04-10
Senegal,SEN,I,11,FW,Nicolas Jackson,FC Bayern München,GER,2001-06-20
Senegal,SEN,I,12,FW,Cherif Ndiaye,Samsunspor,TUR,1996-01-23
Senegal,SEN,I,13,FW,Iliman Ndiaye,Everton FC,ENG,2000-03-06
Senegal,SEN,I,14,DF,Ismail Jakobs,Galatasaray SK,TUR,1999-08-17
Senegal,SEN,I,15,DF,Krépin Diatta,AS Monaco,FRA,1999-02-25
Senegal,SEN,I,16,GK,Édouard Mendy,Al Ahli FC,KSA,1992-03-01
Senegal,SEN,I,17,MF,Pape Matar Sarr,Tottenham Hotspur FC,ENG,2002-09-14
Senegal,SEN,I,18,FW,Ismaïla Sarr,Crystal Palace FC,ENG,1998-02-25
Senegal,SEN,I,19,DF,Moussa Niakhaté,Olympique Lyonnais,FRA,1996-03-08
Senegal,SEN,I,20,FW,Ibrahim Mbaye,Paris Saint-Germain,FRA,2008-01-24
Senegal,SEN,I,21,MF,Habib Diarra,Sunderland AFC,ENG,2004-01-03
Senegal,SEN,I,22,MF,Bara Sapoko Ndiaye,FC Bayern München,GER,2007-12-31
Senegal,SEN,I,23,GK,Mory Diaw,Le Havre AC,FRA,1993-06-22
Senegal,SEN,I,24,DF,Antoine Mendy,OGC Nice,FRA,2004-05-27
Senegal,SEN,I,25,DF,El Hadji Malick Diouf,West Ham United FC,ENG,2004-12-29
Senegal,SEN,I,26,MF,Pape Gueye,Villarreal CF,ESP,1999-01-24
Algeria,ALG,J,1,GK,Melvin Mastil,FC Stade Nyonnais,SUI,2000-02-19
Algeria,ALG,J,2,DF,Aïssa Mandi,Lille OSC,FRA,1991-10-22
Algeria,ALG,J,3,DF,Achref Abada,USM Alger,ALG,1999-06-15
Algeria,ALG,J,4,DF,Mohamed Amine Tougai,Espérance De Tunisie,TUN,2000-01-22
Algeria,ALG,J,5,DF,Zineddine Belaïd,JS Kabylie,ALG,1999-03-20
Algeria,ALG,J,6,MF,Ramiz Zerrouki,FC Twente,NED,1998-05-26
Algeria,ALG,J,7,FW,Riyad Mahrez,Al Ahli FC,KSA,1991-02-21
Algeria,ALG,J,8,MF,Houssem Aouar,Al Ittihad,KSA,1998-06-30
Algeria,ALG,J,9,FW,Amine Gouiri,Olympique Marseille,FRA,2000-02-16
Algeria,ALG,J,10,MF,Farès Chaïbi,Eintracht Frankfurt,GER,2002-11-28
Algeria,ALG,J,11,FW,Anis Hadj Moussa,Feyenoord Rotterdam,NED,2002-02-11
Algeria,ALG,J,12,FW,Nadhir Benbouali,Györi ETO FC,HUN,2000-04-17
Algeria,ALG,J,13,DF,Jaouen Hadjam,BSC Young Boys,SUI,2003-03-26
Algeria,ALG,J,14,MF,Hicham Boudaoui,OGC Nice,FRA,1999-09-23
Algeria,ALG,J,15,DF,Rayan Aït-Nouri,Manchester City FC,ENG,2001-06-06
Algeria,ALG,J,16,GK,Oussama Benbot,USM Alger,ALG,1994-10-11
Algeria,ALG,J,17,DF,Rafik Belghali,Hellas Verona FC,ITA,2002-06-07
Algeria,ALG,J,18,FW,Mohamed Amoura,VfL Wolfsburg,GER,2000-05-09
Algeria,ALG,J,19,MF,Nabil Bentaleb,Lille OSC,FRA,1994-11-24
Algeria,ALG,J,20,FW,Adil Boulbina,Al Duhail SC,QAT,2003-05-02
Algeria,ALG,J,21,DF,Ramy Bensebaini,Borussia Dortmund,GER,1995-04-16
Algeria,ALG,J,22,MF,Ibrahim Maza,Bayer 04 Leverkusen,GER,2005-11-24
Algeria,ALG,J,23,GK,Luca Zidane,Granada CF,ESP,1998-05-13
Algeria,ALG,J,24,MF,Yacine Titraoui,Sporting Charleroi,BEL,2003-08-26
Algeria,ALG,J,25,FW,Farès Ghedjemis,Frosinone,ITA,2002-09-06
Algeria,ALG,J,26,DF,Samir Chergui,Paris FC,FRA,1999-02-06
Argentina,ARG,J,1,GK,Juan Musso,Atlético De Madrid,ESP,1994-05-06
Argentina,ARG,J,2,MF,Marcos Nicolás Senesi Baron,AFC Bournemouth,ENG,1997-05-10
Argentina,ARG,J,3,DF,Nicolás Tagliafico,Olympique Lyonnais,FRA,1992-08-31
Argentina,ARG,J,4,DF,Gonzalo Montiel,CA River Plate,ARG,1997-01-01
Argentina,ARG,J,5,MF,Leandro Paredes,CA Boca Juniors,ARG,1994-06-29
Argentina,ARG,J,6,DF,Lisandro Martínez,Manchester United FC,ENG,1998-01-18
Argentina,ARG,J,7,MF,Rodrigo De Paul,Inter Miami CF,USA,1994-05-24
Argentina,ARG,J,8,MF,Valentín Barco,RC Strasbourg,FRA,2004-07-23
Argentina,ARG,J,9,FW,Julián Alvarez,Atlético De Madrid,ESP,2000-01-31
Argentina,ARG,J,10,FW,Lionel Messi,Inter Miami CF,USA,1987-06-24
Argentina,ARG,J,11,MF,Giovani Lo Celso,Real Betis,ESP,1996-04-09
Argentina,ARG,J,12,GK,Gerónimo Rulli,Olympique Marseille,FRA,1992-05-20
Argentina,ARG,J,13,DF,Cristian Romero,Tottenham Hotspur FC,ENG,1998-04-27
Argentina,ARG,J,14,MF,Exequiel Palacios,Bayer 04 Leverkusen,GER,1998-10-05
Argentina,ARG,J,15,MF,Nicolás González,Atlético De Madrid,ESP,1998-04-06
Argentina,ARG,J,16,FW,Thiago Almada,Atlético De Madrid,ESP,2001-04-26
Argentina,ARG,J,17,FW,Giuliano Simeone,Atlético De Madrid,ESP,2002-12-18
Argentina,ARG,J,18,FW,Nico Paz,Como,ITA,2004-09-08
Argentina,ARG,J,19,DF,Nicolás Otamendi,SL Benfica,POR,1988-02-12
Argentina,ARG,J,20,MF,Alexis Mac Allister,Liverpool FC,ENG,1998-12-24
Argentina,ARG,J,21,FW,José Manuel López,SE Palmeiras,BRA,2000-12-06
Argentina,ARG,J,22,FW,Lautaro Martínez,FC Internazionale Milano,ITA,1997-08-22
Argentina,ARG,J,23,GK,Emiliano Martínez,Aston Villa FC,ENG,1992-09-02
Argentina,ARG,J,24,MF,Enzo Fernández,Chelsea FC,ENG,2001-01-17
Argentina,ARG,J,25,DF,Facundo Medina,Olympique Marseille,FRA,1999-05-28
Argentina,ARG,J,26,DF,Nahuel Molina,Atlético De Madrid,ESP,1998-04-06
Austria,AUT,J,1,GK,Alexander Schlager,FC Red Bull Salzburg,AUT,1996-02-01
Austria,AUT,J,2,DF,David Affengruber,Elche CF,ESP,2001-03-19
Austria,AUT,J,3,DF,Kevin Danso,Tottenham Hotspur FC,ENG,1998-09-19
Austria,AUT,J,4,MF,Xaver Schlager,RB Leipzig,GER,1997-09-28
Austria,AUT,J,5,DF,Stefan Posch,1. FSV Mainz 05,GER,1997-05-14
Austria,AUT,J,6,MF,Nicolas Seiwald,RB Leipzig,GER,2001-05-04
Austria,AUT,J,7,FW,Marko Arnautović,FK Crvena Zvezda,SRB,1989-04-19
Austria,AUT,J,8,DF,David Alaba,Real Madrid C. F.,ESP,1992-06-24
Austria,AUT,J,9,MF,Marcel Sabitzer,Borussia Dortmund,GER,1994-03-17
Austria,AUT,J,10,MF,Florian Grillitsch,SC Braga,POR,1995-08-07
Austria,AUT,J,11,FW,Michael Gregoritsch,FC Augsburg,GER,1994-04-18
Austria,AUT,J,12,GK,Florian Wiegele,FC Viktoria Plzeň,CZE,2001-03-21
Austria,AUT,J,13,GK,Patrick Pentz,Brøndby IF,DEN,1997-01-02
Austria,AUT,J,14,FW,Saša Kalajdžić,LASK Linz,AUT,1997-07-07
Austria,AUT,J,15,DF,Philipp Lienhart,SC Freiburg,GER,1996-07-11
Austria,AUT,J,16,DF,Phillipp Mwene,1. FSV Mainz 05,GER,1994-01-29
Austria,AUT,J,17,MF,Carney Chukwuemeka,Borussia Dortmund,GER,2003-10-20
Austria,AUT,J,18,MF,Romano Schmid,SV Werder Bremen,GER,2000-01-27
Austria,AUT,J,19,MF,Dejan Ljubičić,FC Schalke 04,GER,1997-10-08
Austria,AUT,J,20,MF,Konrad Laimer,FC Bayern München,GER,1997-05-27
Austria,AUT,J,21,FW,Patrick Wimmer,VfL Wolfsburg,GER,2001-05-30
Austria,AUT,J,22,MF,Alexander Prass,TSG Hoffenheim,GER,2001-05-26
Austria,AUT,J,23,DF,Marco Friedl,SV Werder Bremen,GER,1998-03-16
Austria,AUT,J,24,MF,Paul Wanner,PSV Eindhoven,NED,2005-12-23
Austria,AUT,J,25,DF,Michael Svoboda,Venezia FC,ITA,1998-10-15
Austria,AUT,J,26,MF,Alessandro Schöpf,Wolfsberger AC,AUT,1994-02-07
Jordan,JOR,J,1,GK,Yazeed Abulaila,Al Hussein SC,JOR,1993-01-08
Jordan,JOR,J,2,DF,Mohammad Abu Hashish,Al Karma SC,IRQ,1995-05-09
Jordan,JOR,J,3,DF,Abdallah Nasib,Al Zawra'a SC,IRQ,1994-02-25
Jordan,JOR,J,4,DF,Husam Abu Dahab,Al Faisaly SC,JOR,2000-05-13
Jordan,JOR,J,5,DF,Yazan Al-Arab,FC Seoul,KOR,1996-01-31
Jordan,JOR,J,6,MF,Amer Jamous,Al Zawra'a SC,IRQ,2002-07-03
Jordan,JOR,J,7,FW,Mohammad Abu Zrayq,Raja Casablanca,MAR,1997-12-30
Jordan,JOR,J,8,MF,Noor Al-Rawabdeh,Selangor FC,MAS,1997-02-24
Jordan,JOR,J,9,FW,Ali Olwan,Al Sailiya SC,QAT,2000-03-26
Jordan,JOR,J,10,FW,Musa Al-Taamari,Stade Rennais FC,FRA,1997-06-10
Jordan,JOR,J,11,FW,Odeh Al-Fakhouri,Pyramids FC,EGY,2005-11-22
Jordan,JOR,J,12,GK,Nour Bani Attiah,Al Faisaly SC,JOR,1993-01-25
Jordan,JOR,J,13,FW,Mahmoud Al-Mardi,Al Hussein SC,JOR,1993-10-06
Jordan,JOR,J,14,MF,Rajaei Ayed,Al Hussein SC,JOR,1993-07-25
Jordan,JOR,J,15,MF,Ibrahim Sadeh,Al Karma SC,IRQ,2000-04-27
Jordan,JOR,J,16,DF,Mo Abualnadi,Selangor FC,MAS,2001-02-08
Jordan,JOR,J,17,DF,Salim Obaid,Al Hussein SC,JOR,1992-01-17
Jordan,JOR,J,18,MF,Mohammad Ahmed Mohammad Taha,Al Hussein SC,JOR,2005-07-13
Jordan,JOR,J,19,DF,Saed Al-Rosan,Al Hussein SC,JOR,1997-02-01
Jordan,JOR,J,20,MF,Mohannad Abu Taha,Al-Quwa Al-Jawiya,IRQ,2003-02-02
Jordan,JOR,J,21,MF,Nizar Al-Rashdan,Qatar SC,QAT,1999-03-23
Jordan,JOR,J,22,GK,Abdallah Al-Fakhouri,Al Wahdat SC,JOR,2000-01-22
Jordan,JOR,J,23,DF,Ihsan Haddad,Al Hussein SC,JOR,1994-02-05
Jordan,JOR,J,24,FW,Ali Azaizeh,Al Shabab FC,KSA,2004-04-13
Jordan,JOR,J,25,MF,Mohammad Al-Dawoud,Al Wahdat SC,JOR,1992-04-12
Jordan,JOR,J,26,DF,Anas Badawi,Al Faisaly SC,JOR,1997-09-13
Colombia,COL,K,1,GK,David Ospina,Atlético Nacional,COL,1988-08-31
Colombia,COL,K,2,DF,Daniel Muñoz,Crystal Palace FC,ENG,1996-05-26
Colombia,COL,K,3,DF,Jhon Lucumí,Bologna FC,ITA,1998-06-26
Colombia,COL,K,4,DF,Santiago Arias,CA Independiente,ARG,1992-01-13
Colombia,COL,K,5,MF,Kevin Castaño,CA River Plate,ARG,2000-09-29
Colombia,COL,K,6,MF,Richard Ríos,SL Benfica,POR,2000-06-02
Colombia,COL,K,7,FW,Luis Díaz,FC Bayern München,GER,1997-01-13
Colombia,COL,K,8,MF,Jorge Carrascal,CR Flamengo,BRA,1998-05-25
Colombia,COL,K,9,FW,Jhon Córdoba,FC Krasnodar,RUS,1993-05-11
Colombia,COL,K,10,MF,James Rodríguez,Minnesota United FC,USA,1991-07-12
Colombia,COL,K,11,MF,Jhon Arias,SE Palmeiras,BRA,1997-09-21
Colombia,COL,K,12,GK,Camilo Vargas,Atlas FC,MEX,1989-03-09
Colombia,COL,K,13,DF,Yerry Mina,Cagliari,ITA,1994-09-23
Colombia,COL,K,14,DF,Gustavo Puerta,Racing Santander,ESP,2003-07-23
Colombia,COL,K,15,MF,Juan Portilla,Athletico Paranaense,BRA,1998-09-12
Colombia,COL,K,16,MF,Jefferson Lerma,Crystal Palace FC,ENG,1994-10-25
Colombia,COL,K,17,DF,Johan Mojica,RCD Mallorca,ESP,1992-08-21
Colombia,COL,K,18,DF,Willer Ditta,CF Cruz Azul,MEX,1998-01-23
Colombia,COL,K,19,FW,Cucho Hernández,Real Betis,ESP,1999-04-20
Colombia,COL,K,20,MF,Juan Fernando Quintero,CA River Plate,ARG,1993-01-18
Colombia,COL,K,21,FW,Jaminton Campaz,CA Rosario Central,ARG,2000-05-24
Colombia,COL,K,22,DF,Deiver Machado,FC Nantes,FRA,1993-09-02
Colombia,COL,K,23,DF,Davinson Sánchez,Galatasaray SK,TUR,1996-06-12
Colombia,COL,K,24,GK,Álvaro Montero,CA Vélez Sarsfield,ARG,1995-03-29
Colombia,COL,K,25,FW,Luis Suárez,Sporting CP,POR,1997-12-02
Colombia,COL,K,26,FW,Andrés Gómez,CR Vasco Da Gama,BRA,2002-09-12
DR Congo,COD,K,1,GK,Lionel Mpasi,Le Havre AC,FRA,1994-08-01
DR Congo,COD,K,2,DF,Aaron Wan-Bissaka,West Ham United FC,ENG,1997-11-26
DR Congo,COD,K,3,DF,Steve Kapuadi,Widzew Łódź,POL,1998-04-30
DR Congo,COD,K,4,DF,Axel Tuanzebe,Burnley FC,ENG,1997-11-14
DR Congo,COD,K,5,DF,Dylan Batubinsika,AEL FC,GRE,1996-02-15
DR Congo,COD,K,6,MF,Ngal'ayel Mukau,Lille OSC,FRA,2004-11-03
DR Congo,COD,K,7,MF,Nathanaël Mbuku,Montpellier HSC,FRA,2002-03-16
DR Congo,COD,K,8,MF,Samuel Moutoussamy,Atromitos FC,GRE,1996-08-12
DR Congo,COD,K,9,FW,Brian Cipenga,CD Castellón,ESP,1998-03-11
DR Congo,COD,K,10,MF,Théo Bongonda,FC Spartak Moscow,RUS,1995-11-20
DR Congo,COD,K,11,FW,Gaël Kakuta,AEL FC,GRE,1991-06-21
DR Congo,COD,K,12,DF,Joris Kayembe,KRC Genk,BEL,1994-08-08
DR Congo,COD,K,13,FW,Meschak Elia,Alanyaspor,TUR,1997-08-06
DR Congo,COD,K,14,MF,Noah Sadiki,Sunderland AFC,ENG,2004-12-17
DR Congo,COD,K,15,MF,Aaron Tshibola,Kilmarnock FC,SCO,1995-01-02
DR Congo,COD,K,16,GK,Timothy Fayulu,FC Noah,ARM,1999-07-24
DR Congo,COD,K,17,FW,Cédric Bakambu,Real Betis,ESP,1991-04-11
DR Congo,COD,K,18,MF,Charles Pickel,RCD Espanyol,ESP,1997-05-15
DR Congo,COD,K,19,FW,Fiston Mayele,Pyramids FC,EGY,1994-06-24
DR Congo,COD,K,20,FW,Yoane Wissa,Newcastle United FC,ENG,1996-09-03
DR Congo,COD,K,21,GK,Matthieu Epolo,Standard Liège,BEL,2005-01-15
DR Congo,COD,K,22,DF,Chancel Mbemba,Lille OSC,FRA,1994-08-08
DR Congo,COD,K,23,FW,Simon Banza,Al Jazira,UAE,1996-08-13
DR Congo,COD,K,24,DF,Gédéon Kalulu,Aris Limassol FC,CYP,1997-08-29
DR Congo,COD,K,25,MF,Edo Kayembe,Watford FC,ENG,1998-06-03
DR Congo,COD,K,26,DF,Arthur Masuaku,RC Lens,FRA,1993-11-07
Portugal,POR,K,1,GK,Diogo Costa,FC Porto,POR,1999-09-19
Portugal,POR,K,2,DF,Nélson Semedo,Fenerbahçe SK,TUR,1993-11-16
Portugal,POR,K,3,DF,Rúben Dias,Manchester City FC,ENG,1997-05-14
Portugal,POR,K,4,DF,Tomás Araújo,SL Benfica,POR,2002-05-16
Portugal,POR,K,5,DF,Diogo Dalot,Manchester United FC,ENG,1999-03-18
Portugal,POR,K,6,MF,Matheus Nunes,Manchester City FC,ENG,1998-08-27
Portugal,POR,K,7,FW,Cristiano Ronaldo,Al Nassr FC,KSA,1985-02-05
Portugal,POR,K,8,MF,Bruno Fernandes,Manchester United FC,ENG,1994-09-08
Portugal,POR,K,9,FW,Gonçalo Ramos,Paris Saint-Germain,FRA,2001-06-20
Portugal,POR,K,10,MF,Bernardo Silva,Manchester City FC,ENG,1994-08-10
Portugal,POR,K,11,FW,João Félix,Al Nassr FC,KSA,1999-11-10
Portugal,POR,K,12,GK,José Sá,Wolverhampton Wanderers FC,ENG,1993-01-17
Portugal,POR,K,13,DF,Renato Veiga,Villarreal CF,ESP,2003-07-29
Portugal,POR,K,14,DF,Gonçalo Inácio,Sporting CP,POR,2001-08-25
Portugal,POR,K,15,MF,João Neves,Paris Saint-Germain,FRA,2004-09-27
Portugal,POR,K,16,FW,Francisco Trincão,Sporting CP,POR,1999-12-29
Portugal,POR,K,17,FW,Rafael Leão,AC Milan,ITA,1999-06-10
Portugal,POR,K,18,FW,Pedro Neto,Chelsea FC,ENG,2000-03-09
Portugal,POR,K,19,FW,Gonçalo Guedes,Real Sociedad,ESP,1996-11-29
Portugal,POR,K,20,DF,João Cancelo,FC Barcelona,ESP,1994-05-27
Portugal,POR,K,21,MF,Rúben Neves,Al Hilal SC,KSA,1997-03-13
Portugal,POR,K,22,GK,Rui Silva,Sporting CP,POR,1994-02-07
Portugal,POR,K,23,MF,Vitinha,Paris Saint-Germain,FRA,2000-02-13
Portugal,POR,K,24,DF,Samú Costa,RCD Mallorca,ESP,2000-11-27
Portugal,POR,K,25,DF,Nuno Mendes,Paris Saint-Germain,FRA,2002-06-19
Portugal,POR,K,26,FW,Francisco Conceição,Juventus FC,ITA,2002-12-14
Uzbekistan,UZB,K,1,GK,Utkir Yusupov,PFC Navbahor Namangan,UZB,1991-01-04
Uzbekistan,UZB,K,2,DF,Abdukodir Khusanov,Manchester City FC,ENG,2004-02-29
Uzbekistan,UZB,K,3,DF,Khojiakbar Alijonov,Pakhtakor Tashkent FK,UZB,1997-04-19
Uzbekistan,UZB,K,4,DF,Farrukh Sayfiev,FK Neftchi Farg'ona,UZB,1991-01-17
Uzbekistan,UZB,K,5,DF,Rustam Ashurmatov,Esteghlal Tehran FC,IRN,1996-07-07
Uzbekistan,UZB,K,6,MF,Akmal Mozgovoy,Pakhtakor Tashkent FK,UZB,1999-04-02
Uzbekistan,UZB,K,7,MF,Otabek Shukurov,Baniyas Club,UAE,1996-06-22
Uzbekistan,UZB,K,8,MF,Jamshid Iskanderov,FK Neftchi Farg'ona,UZB,1993-10-16
Uzbekistan,UZB,K,9,MF,Odiljon Hamrobekov,Tractor Sazi Tabriz FC,IRN,1996-02-13
Uzbekistan,UZB,K,10,MF,Jaloliddin Masharipov,Esteghlal Tehran FC,IRN,1993-09-01
Uzbekistan,UZB,K,11,MF,Oston Urunov,Persepolis FC,IRN,2000-12-19
Uzbekistan,UZB,K,12,GK,Abduvohid Nematov,Nasaf Qarshi FC,UZB,2001-03-20
Uzbekistan,UZB,K,13,DF,Sherzod Nasrullaev,Pakhtakor Tashkent FK,UZB,1998-07-23
Uzbekistan,UZB,K,14,FW,Eldor Shomurodov,Başakşehir FK,TUR,1995-06-29
Uzbekistan,UZB,K,15,DF,Umar Eshmurodov,Nasaf Qarshi FC,UZB,1992-11-30
Uzbekistan,UZB,K,16,GK,Botirali Ergashev,FK Neftchi Farg'ona,UZB,1995-06-23
Uzbekistan,UZB,K,17,MF,Dostonbek Khamdamov,Pakhtakor Tashkent FK,UZB,1996-07-24
Uzbekistan,UZB,K,18,DF,Abdulla Abdullaev,Dibba FC,UAE,1997-09-01
Uzbekistan,UZB,K,19,MF,Azizjon Ganiev,Al Bataeh Club,UAE,1998-02-22
Uzbekistan,UZB,K,20,FW,Azizbek Amonov,FK Dinamo Samarkand,UZB,1997-10-30
Uzbekistan,UZB,K,21,FW,Igor Sergeev,Persepolis FC,IRN,1993-04-30
Uzbekistan,UZB,K,22,MF,Abbosbek Fayzullaev,Başakşehir FK,TUR,2003-10-03
Uzbekistan,UZB,K,23,MF,Sherzod Esanov,FK Buxoro,UZB,2003-02-01
Uzbekistan,UZB,K,24,DF,Bekhruz Karimov,Surkhon FK,UZB,2007-08-07
Uzbekistan,UZB,K,25,DF,Avazbek Ulmasaliev,OKMK FK,UZB,2000-03-27
Uzbekistan,UZB,K,26,DF,Jakhongir Urozov,FK Dinamo Samarkand,UZB,2004-01-18
Croatia,CRO,L,1,GK,Dominik Livaković,GNK Dinamo Zagreb,CRO,1995-01-09
Croatia,CRO,L,2,DF,Josip Stanišić,FC Bayern München,GER,2000-04-02
Croatia,CRO,L,3,DF,Marin Pongračić,ACF Fiorentina,ITA,1997-09-11
Croatia,CRO,L,4,DF,Joško Gvardiol,Manchester City FC,ENG,2002-01-23
Croatia,CRO,L,5,DF,Duje Ćaleta-Car,Real Sociedad,ESP,1996-09-17
Croatia,CRO,L,6,DF,Josip Šutalo,AFC Ajax,NED,2000-02-28
Croatia,CRO,L,7,MF,Nikola Moro,Bologna FC,ITA,1998-03-12
Croatia,CRO,L,8,MF,Mateo Kovačić,Manchester City FC,ENG,1994-05-06
Croatia,CRO,L,9,FW,Andrej Kramarić,TSG Hoffenheim,GER,1991-06-19
Croatia,CRO,L,10,MF,Luka Modrić,AC Milan,ITA,1985-09-09
Croatia,CRO,L,11,FW,Ante Budimir,CA Osasuna,ESP,1991-07-22
Croatia,CRO,L,12,GK,Ivor Pandur,Hull City FC,ENG,2000-03-25
Croatia,CRO,L,13,MF,Nikola Vlašić,Torino FC,ITA,1997-10-04
Croatia,CRO,L,14,FW,Ivan Perišić,PSV Eindhoven,NED,1989-02-02
Croatia,CRO,L,15,MF,Mario Pašalić,Atalanta Bergamo,ITA,1995-02-09
Croatia,CRO,L,16,MF,Martin Baturina,Como,ITA,2003-02-16
Croatia,CRO,L,17,MF,Petar Sučić,FC Internazionale Milano,ITA,2003-10-25
Croatia,CRO,L,18,DF,Kristijan Jakić,FC Augsburg,GER,1997-05-14
Croatia,CRO,L,19,MF,Toni Fruk,HNK Rijeka,CRO,2001-03-09
Croatia,CRO,L,20,FW,Igor Matanović,SC Freiburg,GER,2003-03-31
Croatia,CRO,L,21,MF,Luka Sučić,Real Sociedad,ESP,2002-09-08
Croatia,CRO,L,22,DF,Luka Vušković,Hamburger SV,GER,2007-02-24
Croatia,CRO,L,23,GK,Dominik Kotarski,FC København,DEN,2000-02-10
Croatia,CRO,L,24,FW,Marco Pašalić,Orlando City SC,USA,2000-09-14
Croatia,CRO,L,25,DF,Martin Erlić,FC Midtjylland,DEN,1998-01-24
Croatia,CRO,L,26,FW,Petar Musa,FC Dallas,USA,1998-03-04
England,ENG,L,1,GK,Jordan Pickford,Everton FC,ENG,1994-03-07
England,ENG,L,2,DF,Ezri Konsa,Aston Villa FC,ENG,1997-10-23
England,ENG,L,3,DF,Nico O'Reilly,Manchester City FC,ENG,2005-03-21
England,ENG,L,4,MF,Declan Rice,Arsenal FC,ENG,1999-01-14
England,ENG,L,5,DF,John Stones,Manchester City FC,ENG,1994-05-28
England,ENG,L,6,DF,Marc Guéhi,Manchester City FC,ENG,2000-07-13
England,ENG,L,7,FW,Bukayo Saka,Arsenal FC,ENG,2001-09-05
England,ENG,L,8,MF,Elliot Anderson,Nottingham Forest FC,ENG,2002-11-06
England,ENG,L,9,FW,Harry Kane,FC Bayern München,GER,1993-07-28
England,ENG,L,10,MF,Jude Bellingham,Real Madrid C. F.,ESP,2003-06-29
England,ENG,L,11,FW,Marcus Rashford,FC Barcelona,ESP,1997-10-31
England,ENG,L,12,DF,Tino Livramento,Newcastle United FC,ENG,2002-11-12
England,ENG,L,13,GK,Dean Henderson,Crystal Palace FC,ENG,1997-03-12
England,ENG,L,14,MF,Jordan Henderson,Brentford FC,ENG,1990-06-17
England,ENG,L,15,DF,Dan Burn,Newcastle United FC,ENG,1992-05-09
England,ENG,L,16,MF,Kobbie Mainoo,Manchester United FC,ENG,2005-04-19
England,ENG,L,17,MF,Morgan Rogers,Aston Villa FC,ENG,2002-07-26
England,ENG,L,18,FW,Anthony Gordon,Newcastle United FC,ENG,2001-02-24
England,ENG,L,19,FW,Ollie Watkins,Aston Villa FC,ENG,1995-12-30
England,ENG,L,20,FW,Noni Madueke,Arsenal FC,ENG,2002-03-10
England,ENG,L,21,MF,Eberechi Eze,Arsenal FC,ENG,1998-06-29
England,ENG,L,22,FW,Ivan Toney,Al Ahli FC,KSA,1996-03-16
England,ENG,L,23,GK,James Trafford,Manchester City FC,ENG,2002-10-10
England,ENG,L,24,DF,Reece James,Chelsea FC,ENG,1999-12-08
England,ENG,L,25,DF,Djed Spence,Tottenham Hotspur FC,ENG,2000-08-09
England,ENG,L,26,DF,Jarell Quansah,Bayer 04 Leverkusen,GER,2003-01-29
Ghana,GHA,L,1,GK,Lawrence Ati-Zigi,FC St. Gallen,SUI,1996-11-29
Ghana,GHA,L,2,DF,Alidu Seidu,Stade Rennais FC,FRA,2000-06-04
Ghana,GHA,L,3,MF,Caleb Yirenkyi,FC Nordsjælland,DEN,2006-01-15
Ghana,GHA,L,4,DF,Jonas Adjetey,VfL Wolfsburg,GER,2003-12-13
Ghana,GHA,L,5,MF,Thomas Partey,Villarreal CF,ESP,1993-06-13
Ghana,GHA,L,6,DF,Abdul Mumin,Rayo Vallecano,ESP,1998-06-06
Ghana,GHA,L,7,FW,Abdul Fatawu,Leicester City FC,ENG,2004-03-08
Ghana,GHA,L,8,MF,Kwasi Sibo,Real Oviedo,ESP,1998-06-24
Ghana,GHA,L,9,FW,Jordan Ayew,Leicester City FC,ENG,1991-09-11
Ghana,GHA,L,10,FW,Brandon Thomas-Asante,Coventry City FC,ENG,1998-12-29
Ghana,GHA,L,11,MF,Antoine Semenyo,Manchester City FC,ENG,2000-01-07
Ghana,GHA,L,12,GK,Joseph Anang,St Patrick's Athletic FC,IRL,2000-06-08
Ghana,GHA,L,13,FW,Christopher Bonsu Baah,Al Qadsiah FC,KSA,2004-12-14
Ghana,GHA,L,14,DF,Gideon Mensah,AJ Auxerre,FRA,1998-07-18
Ghana,GHA,L,15,MF,Elisha Owusu,AJ Auxerre,FRA,1997-11-07
Ghana,GHA,L,16,GK,Benjamin Asare,Hearts Of Oak SC,GHA,1992-07-13
Ghana,GHA,L,17,DF,Abdul Rahman Baba,PAOK Saloniki,GRE,1994-07-02
Ghana,GHA,L,18,DF,Jerome Opoku,Başakşehir FK,TUR,1998-10-14
Ghana,GHA,L,19,FW,Iñaki Williams,Athletic Club,ESP,1994-06-15
Ghana,GHA,L,20,MF,Augustine Boakye,AS Saint-Etienne,FRA,2000-11-03
Ghana,GHA,L,21,DF,Kojo Peprah Oppong,OGC Nice,FRA,2004-06-04
Ghana,GHA,L,22,FW,Kamaldeen Sulemana,Atalanta Bergamo,ITA,2002-02-15
Ghana,GHA,L,23,DF,Derrick Luckassen,Pafos FC,CYP,1995-07-03
Ghana,GHA,L,24,FW,Ernest Nuamah,Olympique Lyonnais,FRA,2003-11-01
Ghana,GHA,L,25,FW,Prince Kwabena Adu,FC Viktoria Plzeň,CZE,2003-09-23
Ghana,GHA,L,26,DF,Marvin Senaya,AJ Auxerre,FRA,2001-01-28
Panama,PAN,L,1,GK,Luis Mejía,Club Nacional,URU,1991-03-16
Panama,PAN,L,2,DF,César Blackman,ŠK Slovan Bratislava,SVK,1998-04-02
Panama,PAN,L,3,DF,José Córdoba,Norwich City FC,ENG,2001-06-03
Panama,PAN,L,4,DF,Fidel Escobar,Deportivo Saprissa,CRC,1995-01-09
Panama,PAN,L,5,DF,Edgardo Fariña,FC Pari Nizhny Novgorod,RUS,2001-10-19
Panama,PAN,L,6,MF,Cristian Martínez,Hapoel Kiryat Shmona FC,ISR,1997-02-06
Panama,PAN,L,7,MF,José Luis Rodríguez,FC Juárez,MEX,1998-06-19
Panama,PAN,L,8,MF,Adalberto Carrasquilla,Pumas UNAM,MEX,1998-11-28
Panama,PAN,L,9,FW,Tomás Rodríguez,Deportivo Saprissa,CRC,1999-03-09
Panama,PAN,L,10,MF,Ismael Díaz,Club León,MEX,1997-05-12
Panama,PAN,L,11,MF,Yoel Bárcenas,Mazatlán FC,MEX,1993-10-23
Panama,PAN,L,12,GK,César Samudio,CD Marathón,HON,1994-02-23
Panama,PAN,L,13,DF,Jiovany Ramos,Puerto Cabello CF,VEN,1997-01-26
Panama,PAN,L,14,DF,Carlos Harvey,Minnesota United FC,USA,2000-02-03
Panama,PAN,L,15,DF,Eric Davis,CD Plaza Amador,PAN,1991-03-31
Panama,PAN,L,16,DF,Andrés Andrade,LASK Linz,AUT,1998-10-16
Panama,PAN,L,17,FW,José Fajardo,CD Universidad Católica,ECU,1993-08-18
Panama,PAN,L,18,FW,Cecilio Waterman,CD Universidad De Concepción,CHI,1991-04-13
Panama,PAN,L,19,MF,Alberto Quintero,CD Plaza Amador,PAN,1987-12-18
Panama,PAN,L,20,MF,Aníbal Godoy,San Diego FC,USA,1990-02-10
Panama,PAN,L,21,MF,César Yanis,CD Cobresal,CHI,1996-01-28
Panama,PAN,L,22,GK,Orlando Mosquera,Al Fayha FC,KSA,1994-12-25
Panama,PAN,L,23,DF,Michael Amir Murillo,Beşiktaş JK,TUR,1996-02-11
Panama,PAN,L,24,FW,Azarias Londoño,CD Universidad Católica,ECU,2001-06-21
Panama,PAN,L,25,DF,Roderick Miller,Turan Tovuz,AZE,1992-04-03
Panama,PAN,L,26,DF,Jorge Gutiérrez,Deportivo La Guaira,VEN,1998-09-01
